-0.5,0,0,0,0,1.8960539852407342E8,0
-0.49999853916937154,0.001896053809382036,0,1.0000000000000001E-11,255645.35997064473,1.8960536774880132E8,0
-0.49999423784362673,0.003792109658324242,0,2.0000000000000002E-11,560997.9853501398,1.8960574775328517E8,0
-0.4999870408020425,0.005688169947879232,0,3.0E-11,838733.7882183576,1.8960623985715955E8,0
-0.4999769787040963,0.007584236738315738,0,4.0000000000000004E-11,1131816.7994285682,1.8960700843351886E8,0
-0.4999640346127243,0.009480312276894044,0,5.000000000000001E-11,1416353.3905235813,1.896079629260647E8,0
-0.4999482180578447,0.011376398707980871,0,6.0E-11,1705632.061065652,1.8960915324564627E8,0
-0.4999295238246807,0.01327249823262395,0,7.000000000000002E-11,1992266.7578951402,1.8961055187830433E8,0
-0.49990795491575546,0.015168613020324122,0,8.000000000000001E-11,2280358.9935181937,1.8961217393880278E8,0
-0.4998835097884227,0.017064745257606616,0,9.0E-11,2567628.0380853615,1.896140110703353E8,0
-0.4998561894446501,0.018960897121235845,0,1.0000000000000002E-10,2855339.1316180173,1.8961606783236253E8,0
-0.4998259934912979,0.020857070792922084,0,1.1000000000000001E-10,3142787.4879062036,1.8961834167082062E8,0
-0.4997929223287051,0.0227532684511796,0,1.2E-10,3430362.837808012,1.896208339419505E8,0
-0.49975697593458956,0.024649492275762085,0,1.3000000000000002E-10,3717846.841851283,1.8962354384547117E8,0
-0.4997181545395982,0.026545744445173707,0,1.4000000000000003E-10,4005358.9921188103,1.8962647176293132E8,0
-0.49967645825193374,0.028442027137991106,0,1.5E-10,4292831.097175184,1.8962961742084795E8,0
-0.49963188726586627,0.030338342532087732,0,1.6000000000000002E-10,4580299.2389283115,1.8963298090127304E8,0
-0.4995844417458654,0.032234692805012385,0,1.7000000000000003E-10,4867741.570944581,1.8963656208585817E8,0
-0.49953412189095403,0.03413108013373263,0,1.8E-10,5155168.431282424,1.8964036096164986E8,0
-0.4994809278989406,0.03602750669472771,0,1.9000000000000002E-10,5442572.27889132,1.8964437745289987E8,0
-0.4994248599862776,0.03792397466388907,0,2.0000000000000003E-10,5729955.506856045,1.8964861151356292E8,0
-0.4993659183770177,0.039820486216526826,0,2.1E-10,6017314.990334333,1.8965306307643455E8,0
-0.4993041033089387,0.04171704352731795,0,2.2000000000000002E-10,6304650.671054463,1.8965773208112004E8,0
-0.4992394150301309,0.04361364877028651,0,2.3000000000000003E-10,6591960.788080388,1.8966261845866117E8,0
-0.4991718538008826,0.04551030411876642,0,2.4E-10,6879244.527397054,1.896677221399907E8,0
-0.4991014198926228,0.047407011745373734,0,2.5E-10,7166500.549911695,1.8967304305128905E8,0
-0.49902811358849897,0.04930377382197378,0,2.6000000000000003E-10,7453727.809249295,1.896785811165413E8,0
-0.4989519351830455,0.05120059251965116,0,2.7000000000000005E-10,7740925.097438486,1.89684336256136E8,0
-0.4988728849823575,0.053097470008678246,0,2.8000000000000007E-10,8028091.297334038,1.896903083876392E8,0
-0.49879096330398376,0.05499440845848455,0,2.9E-10,8315225.242409065,1.8969649742537555E8,0
-0.4987061704769752,0.05689141003762566,0,3.0E-10,8602325.794678748,1.897029032806622E8,0
-0.49861850684184683,0.058788476913752434,0,3.1E-10,8889391.801441157,1.8970952586168605E8,0
-0.498527972750587,0.06068561125358011,0,3.2000000000000003E-10,9176422.119343571,1.8971636507357678E8,0
-0.4984345685666408,0.06258281522285757,0,3.3000000000000005E-10,9463415.601046609,1.8972342081837273E8,0
-0.49833829466490676,0.06448009098633657,0,3.4000000000000007E-10,9750371.102668097,1.897306929950445E8,0
-0.4982391514317256,0.06637744070774097,0,3.5000000000000003E-10,1.0037287479683321E7,1.8973818149948913E8,0
-0.49813713926487413,0.06827486654973612,0,3.6E-10,1.0324163589238733E7,1.8974588622453877E8,0
-0.49803225857355504,0.07017237067389821,0,3.7E-10,1.061099828890298E7,1.8975380705996287E8,0
-0.4979245097783889,0.07206995524068362,0,3.8000000000000003E-10,1.0897790437397411E7,1.8976194389247298E8,0
-0.49781389331140447,0.07396762240939837,0,3.9000000000000005E-10,1.1184538894227106E7,1.8977029660572773E8,0
-0.4977004096160296,0.07586537433816769,0,4.0000000000000007E-10,1.1471242519922765E7,1.897788650803361E8,0
-0.49758405914708176,0.0777632131839055,0,4.1000000000000003E-10,1.1757900175943337E7,1.8978764919386342E8,0
-0.49746484237075755,0.07966114110228396,0,4.2E-10,1.2044510724767271E7,1.897966488208353E8,0
-0.49734275976462355,0.0815591602477032,0,4.3E-10,1.2331073029878812E7,1.8980586383274266E8,0
-0.49721781181760516,0.08345727277326095,0,4.4000000000000003E-10,1.2617585955812808E7,1.8981529409804702E8,0
-0.4970899990299763,0.08535548083072222,0,4.5000000000000005E-10,1.2904048368166788E7,1.8982493948218516E8,0
-0.496959321913349,0.08725378657048916,0,4.6000000000000007E-10,1.3190459133631464E7,1.8983479984757465E8,0
-0.49682578099066194,0.08915219214157087,0,4.7E-10,1.347681712001067E7,1.8984487505361918E8,0
-0.496689376796169,0.09105069969155331,0,4.8E-10,1.376312119624727E7,1.8985516495671356E8,0
-0.49655010987542814,0.09294931136656927,0,4.900000000000001E-10,1.4049370232445726E7,1.8986566941025025E8,0
-0.49640798078528975,0.09484802931126816,0,5.0E-10,1.4335563099896345E7,1.898763882646236E8,0
-0.49626299009388386,0.09674685566878646,0,5.1E-10,1.462169867109855E7,1.8988732136723703E8,0
-0.49611513838060894,0.09864579258071754,0,5.200000000000001E-10,1.4907775819784721E7,1.898984685625079E8,0
-0.4959644262361188,0.1005448421870818,0,5.3E-10,1.5193793420943437E7,1.8990982969187436E8,0
-0.49581085426230986,0.10244400662629728,0,5.400000000000001E-10,1.5479750350843173E7,1.8992140459380013E8,0
-0.4956544230723088,0.10434328803514946,0,5.500000000000001E-10,1.576564548705547E7,1.899331931037824E8,0
-0.4954951332904587,0.106242688548762,0,5.600000000000001E-10,1.6051477708478428E7,1.8994519505435702E8,0
-0.495332985552306,0.10814221030056695,0,5.700000000000001E-10,1.6337245895359877E7,1.8995741027510485E8,0
-0.4951679805045869,0.11004185542227538,0,5.8E-10,1.6622948929320594E7,1.8996983859265903E8,0
-0.4950001188052132,0.11194162604384797,0,5.9E-10,1.6908585693377424E7,1.8998247983071122E8,0
-0.4948294011232589,0.11384152429346539,0,6.0E-10,1.719415507196633E7,1.899953338100179E8,0
-0.49465582813894493,0.11574155229749925,0,6.100000000000001E-10,1.7479655950965423E7,1.9000840034840846E8,0
-0.49447940054362527,0.11764171218048264,0,6.2E-10,1.776508721771778E7,1.9002167926079032E8,0
-0.49430011903977183,0.11954200606508118,0,6.3E-10,1.8050447761054385E7,1.9003517035915825E8,0
-0.4941179843409596,0.12144243607206387,0,6.400000000000001E-10,1.8335736471316814E7,1.900488734525991E8,0
-0.49393299717185185,0.12334300432027384,0,6.5E-10,1.862095224037994E7,1.9006278834730121E8,0
-0.4937451582681834,0.12524371292659975,0,6.600000000000001E-10,1.8906093961674597E7,1.9007691484656072E8,0
-0.49355446837674644,0.12714456400594662,0,6.700000000000001E-10,1.9191160530210003E7,1.9009125275078884E8,0
-0.4933609282553735,0.12904555967120726,0,6.800000000000001E-10,1.9476150842596307E7,1.901058018575203E8,0
-0.493164538672922,0.1309467020332333,0,6.900000000000001E-10,1.976106379706693E7,1.9012056196142027E8,0
-0.49296530040925735,0.13284799320080676,0,7.000000000000001E-10,2.004589829350081E7,1.9013553285429284E8,0
-0.49276321425523684,0.1347494352806113,0,7.1E-10,2.033065323344471E7,1.9015071432508823E8,0
-0.4925582810126926,0.13665103037720408,0,7.2E-10,2.0615327520135213E7,1.901661061599112E8,0
-0.4923505014944147,0.1385527805929867,0,7.300000000000001E-10,2.089992005852094E7,1.901817081420294E8,0
-0.49213987652413366,0.14045468802817757,0,7.4E-10,2.1184429755284283E7,1.9019752005188128E8,0
-0.4919264069365031,0.14235675478078325,0,7.500000000000001E-10,2.1468855518863503E7,1.9021354166708395E8,0
-0.49171009357708234,0.14425898294657039,0,7.600000000000001E-10,2.1753196259474393E7,1.9022977276244304E8,0
-0.491490937302318,0.1461613746190377,0,7.7E-10,2.2037450889131926E7,1.902462131099593E8,0
-0.4912689389795265,0.148063931889388,0,7.800000000000001E-10,2.232161832167214E7,1.902628624788392E8,0
-0.4910440994868749,0.14996665684650007,0,7.900000000000001E-10,2.2605697472773258E7,1.9027972063550186E8,0
-0.4908164197133631,0.15186955157690135,0,8.000000000000001E-10,2.288968725997751E7,1.9029678734358934E8,0
-0.49058590055880485,0.15377261816473942,0,8.100000000000001E-10,2.3173586602712188E7,1.903140623639747E8,0
-0.4903525429338086,0.15567585869175515,0,8.200000000000001E-10,2.345739442231113E7,1.903315454547713E8,0
-0.49011634775975854,0.1575792752372547,0,8.300000000000001E-10,2.3741109642035715E7,1.9034923637134206E8,0
-0.48987731596879497,0.1594828698780821,0,8.4E-10,2.402473118709606E7,1.9036713486630842E8,0
-0.4896354485037951,0.1613866446885923,0,8.500000000000001E-10,2.4308257984671857E7,1.9038524068955985E8,0
-0.48939074631835244,0.1632906017406233,0,8.6E-10,2.4591688963933423E7,1.9040355358826295E8,0
-0.48914321037675806,0.1651947431034694,0,8.700000000000001E-10,2.4875023056062315E7,1.90422073306872E8,0
-0.488892841653979,0.1670990708438539,0,8.800000000000001E-10,2.515825919427216E7,1.904407995871365E8,0
-0.48863964113563874,0.16900358702590226,0,8.9E-10,2.5441396313829158E7,1.9045973216811347E8,0
-0.4883836098179961,0.17090829371111516,0,9.000000000000001E-10,2.5724433352072652E7,1.9047887078617498E8,0
-0.4881247487079247,0.17281319295834172,0,9.100000000000001E-10,2.6007369248435393E7,1.9049821517501935E8,0
-0.4878630588228916,0.17471828682375284,0,9.200000000000001E-10,2.6290202944463987E7,1.905177650656806E8,0
-0.4875985411909361,0.17662357736081458,0,9.300000000000001E-10,2.657293338383889E7,1.9053752018653867E8,0
-0.48733119685064885,0.1785290666202616,0,9.4E-10,2.6855559512394715E7,1.9055748026332933E8,0
-0.48706102685114927,0.18043475665007108,0,9.5E-10,2.713808027814005E7,1.905776450191549E8,0
-0.4867880322520642,0.182340649495436,0,9.6E-10,2.742049463127737E7,1.905980141744939E8,0
-0.4865122141235061,0.1842467471987393,0,9.7E-10,2.77028015242228E7,1.9061858744721213E8,0
-0.4862335735460502,0.1861530517995278,0,9.800000000000001E-10,2.7984999911625877E7,1.9063936455257243E8,0
-0.48595211161071233,0.18805956533448592,0,9.9E-10,2.8267088750388872E7,1.9066034520324588E8,0
-0.4856678294189268,0.1899662898374102,0,1.0E-9,2.854906699968648E7,1.906815291093222E8,0
-0.48538072808252236,0.19187322733918333,0,1.01E-9,2.883093362098499E7,1.9070291597832003E8,0
-0.48509080872370064,0.19378037986774863,0,1.02E-9,2.9112687578061573E7,1.9072450551519915E8,0
-0.4847980724750116,0.19568774944808445,0,1.0300000000000002E-9,2.9394327837023392E7,1.9074629742236915E8,0
-0.484502520479331,0.19759533810217858,0,1.0400000000000001E-9,2.9675853366326585E7,1.907682913997028E8,0
-0.4842041538898365,0.19950314784900325,0,1.05E-9,2.995726313679509E7,1.9079048714454502E8,0
-0.4839029738699837,0.2014111807044897,0,1.06E-9,3.0238556121639494E7,1.9081288435172537E8,0
-0.4835989815934826,0.20331943868150318,0,1.07E-9,3.0519731296475697E7,1.9083548271356887E8,0
-0.48329217824427284,0.205227923789818,0,1.0800000000000002E-9,3.0800787639343347E7,1.9085828191990697E8,0
-0.48298256501650005,0.2071366380360923,0,1.0900000000000002E-9,3.1081724130724326E7,1.908812816580888E8,0
-0.48267014311449086,0.20904558342384405,0,1.1000000000000001E-9,3.1362539753561087E7,1.9090448161299405E8,0
-0.48235491375272826,0.21095476195342572,0,1.11E-9,3.1643233493274804E7,1.9092788146704224E8,0
-0.48203687815582685,0.21286417562199988,0,1.1200000000000003E-9,3.1923804337783273E7,1.9095148090020555E8,0
-0.4817160375585076,0.2147738264235152,0,1.1300000000000002E-9,3.2204251277519286E7,1.9097527959002098E8,0
-0.4813923932055728,0.21668371634868155,0,1.1400000000000002E-9,3.2484573305447947E7,1.909992772116007E8,0
-0.48106594635188044,0.2185938473849464,0,1.1500000000000002E-9,3.2764769417084664E7,1.9102347343764478E8,0
-0.4807366982623185,0.2205042215164702,0,1.16E-9,3.3044838610512745E7,1.9104786793845305E8,0
-0.4804046502117795,0.22241484072410325,0,1.17E-9,3.3324779886400726E7,1.910724603819361E8,0
-0.4800698034851348,0.2243257069853608,0,1.18E-9,3.3604592248019785E7,1.9109725043362868E8,0
-0.4797321593772074,0.22623682227440028,0,1.19E-9,3.388427470126096E7,1.9112223775670063E8,0
-0.4793917191927468,0.22814818856199737,0,1.2E-9,3.41638262546522E7,1.9114742201196942E8,0
-0.4790484842464018,0.23005980781552243,0,1.21E-9,3.444324591937531E7,1.9117280285791227E8,0
-0.4787024558626942,0.23197168199891732,0,1.2200000000000001E-9,3.4722532709282964E7,1.911983799506787E8,0
-0.478353635375992,0.23388381307267214,0,1.23E-9,3.5001685640915096E7,1.9122415294410256E8,0
-0.47800202413048226,0.23579620299380238,0,1.24E-9,3.5280703733515844E7,1.9125012148971412E8,0
-0.477647623480144,0.23770885371582545,0,1.25E-9,3.555958600904972E7,1.912762852367535E8,0
-0.47729043478872113,0.23962176718873823,0,1.26E-9,3.583833149221817E7,1.9130264383218178E8,0
-0.4769304594296946,0.24153494535899445,0,1.2700000000000002E-9,3.611693921047558E7,1.9132919692069498E8,0
-0.47656769878625527,0.24344839016948164,0,1.2800000000000001E-9,3.639540819404558E7,1.9135594414473587E8,0
-0.4762021542512753,0.24536210355949906,0,1.29E-9,3.667373747593672E7,1.9138288514450657E8,0
-0.47583382722728146,0.24727608746473534,0,1.3E-9,3.6951926091958486E7,1.914100195579821E8,0
-0.47546271912642596,0.2491903438172462,0,1.3100000000000002E-9,3.722997308073704E7,1.9143734702092192E8,0
-0.47508883137045865,0.25110487454543234,0,1.3200000000000002E-9,3.750787748373052E7,1.914648671668846E8,0
-0.4747121653906984,0.2530196815740174,0,1.3300000000000002E-9,3.7785638345244765E7,1.9149257962723863E8,0
-0.47433272262800474,0.2549347668240265,0,1.3400000000000001E-9,3.806325471244837E7,1.9152048403117698E8,0
-0.4739505045327492,0.25685013221276415,0,1.35E-9,3.8340725635388054E7,1.9154858000572965E8,0
-0.473565512564786,0.2587657796537932,0,1.3600000000000003E-9,3.861805016700357E7,1.915768671757766E8,0
-0.47317774819342356,0.26068171105691257,0,1.3700000000000002E-9,3.889522736314255E7,1.916053451640608E8,0
-0.47278721289739545,0.2625979283281369,0,1.3800000000000002E-9,3.917225628257554E7,1.9163401359120223E8,0
-0.47239390816483007,0.26451443336967473,0,1.3900000000000002E-9,3.944913598701025E7,1.9166287207570958E8,0
-0.47199783549322233,0.2664312280799077,0,1.4000000000000001E-9,3.972586554110656E7,1.9169192023399538E8,0
-0.4715989963894033,0.26834831435336987,0,1.41E-9,4.000244401249027E7,1.9172115768038803E8,0
-0.47119739236951097,0.2702656940807266,0,1.42E-9,4.027887047176792E7,1.917505840271454E8,0
-0.4707930249589604,0.27218336914875424,0,1.43E-9,4.055514399254052E7,1.9178019888446918E8,0
-0.47038589569241285,0.2741013414403191,0,1.44E-9,4.083126365141765E7,1.918100018605166E8,0
-0.46997600611374657,0.276019612834358,0,1.45E-9,4.11072285280313E7,1.9183999256141615E8,0
-0.46956335777602604,0.2779381852058571,0,1.4600000000000001E-9,4.1383037705049545E7,1.918701705912791E8,0
-0.46914795224147193,0.2798570604258323,0,1.47E-9,4.165869026819004E7,1.919005355522147E8,0
-0.4687297910814297,0.28177624036130944,0,1.48E-9,4.193418530623362E7,1.9193108704434285E8,0
-0.46830887587633985,0.2836957268753041,0,1.49E-9,4.220952191103733E7,1.9196182466580814E8,0
-0.46788520821570634,0.28561552182680205,0,1.5000000000000002E-9,4.248469917754793E7,1.9199274801279375E8,0
-0.46745878969806653,0.2875356270707401,0,1.5100000000000002E-9,4.275971620381442E7,1.920238566795352E8,0
-0.46702962193095876,0.28945604445798573,0,1.5200000000000001E-9,4.3034572091001436E7,1.9205515025833383E8,0
-0.46659770653089216,0.291376775835319,0,1.53E-9,4.330926594340163E7,1.9208662833957103E8,0
-0.46616304512331486,0.29329782304541274,0,1.54E-9,4.358379686844839E7,1.921182905117221E8,0
-0.46572563934258304,0.2952191879268137,0,1.5500000000000002E-9,4.385816397672838E7,1.921501363613701E8,0
-0.46528549083192855,0.2971408723139235,0,1.5600000000000002E-9,4.4132366381993726E7,1.9218216547321987E8,0
-0.4648426012434274,0.29906287803698073,0,1.5700000000000002E-9,4.4406403201174244E7,1.922143774301119E8,0
-0.46439697223796866,0.30098520692204134,0,1.5800000000000001E-9,4.468027355438958E7,1.9224677181303677E8,0
-0.4639486054852215,0.30290786079096094,0,1.59E-9,4.4953976564960994E7,1.9227934820114902E8,0
-0.46349750266360346,0.3048308414613761,0,1.6000000000000003E-9,4.5227511359423265E7,1.9231210617178094E8,0
-0.46304366546024855,0.3067541507466864,0,1.6100000000000002E-9,4.550087706753617E7,1.9234504530045727E8,0
-0.46258709557097455,0.3086777904560363,0,1.6200000000000002E-9,4.577407282229605E7,1.9237816516090924E8,0
-0.4621277947002506,0.3106017623942978,0,1.6300000000000002E-9,4.604709775994721E7,1.9241146532508832E8,0
-0.4616657645611652,0.31252606836205216,0,1.6400000000000001E-9,4.631995101999307E7,1.924449453631811E8,0
-0.46120100687539256,0.3144507101555722,0,1.6500000000000003E-9,4.6592631745207235E7,1.9247860484362337E8,0
-0.46073352337316087,0.3163756895668054,0,1.6600000000000003E-9,4.686513908164447E7,1.9251244333311424E8,0
-0.4602633157932187,0.3183010083833565,0,1.67E-9,4.713747217865145E7,1.9254646039663035E8,0
-0.4597903858828023,0.32022666838847025,0,1.68E-9,4.7409630188877545E7,1.9258065559744075E8,0
-0.45931473539760265,0.3221526713610142,0,1.69E-9,4.768161226828503E7,1.926150284971212E8,0
-0.45883636610173184,0.3240790190754622,0,1.7000000000000001E-9,4.795341757615981E7,1.9264957865556732E8,0
-0.4583552797676905,0.32600571330187755,0,1.71E-9,4.822504527512143E7,1.9268430563101164E8,0
-0.45787147817633356,0.3279327558058963,0,1.72E-9,4.8496494531133264E7,1.927192089800349E8,0
-0.4573849631168372,0.32986014834871125,0,1.73E-9,4.876776451351246E7,1.9275428825758332E8,0
-0.45689573638666514,0.3317878926870551,0,1.7400000000000002E-9,4.9038854394939646E7,1.9278954301698065E8,0
-0.45640379979153556,0.3337159905731847,0,1.7500000000000002E-9,4.9309763351468734E7,1.9282497280994523E8,0
-0.4559091551453862,0.335644443754865,0,1.7600000000000001E-9,4.95804905625365E7,1.9286057718660212E8,0
-0.4554118042703413,0.3375732539753533,0,1.77E-9,4.985103521097163E7,1.9289635569549906E8,0
-0.454911748996677,0.33950242297338334,0,1.78E-9,5.012139648300447E7,1.9293230788362092E8,0
-0.4544089911627883,0.34143195248314967,0,1.7900000000000002E-9,5.0391573568275824E7,1.9296843329640377E8,0
-0.4539035326151536,0.34336184423429267,0,1.8000000000000002E-9,5.066156565984586E7,1.9300473147774985E8,0
-0.45339537520830175,0.34529209995188326,0,1.8100000000000002E-9,5.093137195420315E7,1.9304120197004217E8,0
-0.4528845208047765,0.3472227213564072,0,1.8200000000000001E-9,5.120099165127336E7,1.930778443141591E8,0
-0.4523709712751029,0.3491537101637506,0,1.83E-9,5.1470423954427406E7,1.9311465804948872E8,0
-0.45185472849775254,0.35108506808518514,0,1.8400000000000003E-9,5.173966807049056E7,1.9315164271394417E8,0
-0.4513357943591089,0.3530167968273534,0,1.8500000000000002E-9,5.200872320975002E7,1.9318879784397775E8,0
-0.45081417075343305,0.35494889809225383,0,1.8600000000000002E-9,5.2277588585963406E7,1.9322612297459546E8,0
-0.45028985958282813,0.35688137357722705,0,1.8700000000000004E-9,5.2546263416366816E7,1.9326361763937262E8,0
-0.4497628627572055,0.3588142249749412,0,1.88E-9,5.281474692168229E7,1.9330128137046725E8,0
-0.44923318219424907,0.36074745397337826,0,1.8900000000000003E-9,5.308303832612597E7,1.933391136986358E8,0
-0.4487008198193804,0.3626810622558194,0,1.9E-9,5.335113685741534E7,1.9337711415324765E8,0
-0.4481657775657241,0.3646150515008322,0,1.9100000000000002E-9,5.361904174677685E7,1.9341528226229957E8,0
-0.44762805737407235,0.3665494233822558,0,1.92E-9,5.388675222895298E7,1.9345361755243048E8,0
-0.4470876611928498,0.3684841795691888,0,1.93E-9,5.415426754220968E7,1.9349211954893643E8,0
-0.44654459097807836,0.37041932172597436,0,1.94E-9,5.4421586928343154E7,1.935307877757855E8,0
-0.44599884869334144,0.3723548515121884,0,1.95E-9,5.468870963268686E7,1.935696217556317E8,0
-0.44545043630974934,0.37429077058262594,0,1.9600000000000003E-9,5.495563490411811E7,1.9360862100983053E8,0
-0.4448993558059027,0.3762270805872877,0,1.97E-9,5.522236199506482E7,1.9364778505845377E8,0
-0.4443456091678581,0.37816378317136845,0,1.98E-9,5.548889016151169E7,1.9368711342030331E8,0
-0.44378919838909164,0.38010087997524367,0,1.99E-9,5.575521866300699E7,1.9372660561292705E8,0
-0.4432301254704634,0.382038372634457,0,2.0E-9,5.602134676266825E7,1.9376626115263313E8,0
-0.4426683924201822,0.3839762627797083,0,2.0100000000000003E-9,5.6287273727188654E7,1.938060795545039E8,0
-0.4421040012537694,0.38591455203684133,0,2.02E-9,5.6552998826842576E7,1.9384606033241284E8,0
-0.44153695399402293,0.3878532420268319,0,2.0300000000000002E-9,5.6818521335491784E7,1.938862029990363E8,0
-0.4409672526709817,0.3897923343657756,0,2.04E-9,5.708384053059066E7,1.9392650706587136E8,0
-0.44039489932188935,0.3917318306648764,0,2.0499999999999997E-9,5.734895569319207E7,1.9396697204324776E8,0
-0.4398198959911588,0.3936717325304353,0,2.0600000000000003E-9,5.761386610795222E7,1.9400759744034472E8,0
-0.4392422447303353,0.3956120415638378,0,2.07E-9,5.78785710631365E7,1.9404838276520506E8,0
-0.43866194759806115,0.3975527593615443,0,2.0800000000000003E-9,5.814306985062392E7,1.9408932752474856E8,0
-0.4380790066600388,0.39949388751507764,0,2.09E-9,5.8407361765912615E7,1.9413043122478944E8,0
-0.43749342398899554,0.4014354276110127,0,2.1E-9,5.867144610812419E7,1.9417169337004787E8,0
-0.4369052016646464,0.403377381230965,0,2.11E-9,5.8935322180008695E7,1.9421311346416795E8,0
-0.4363143417736581,0.40531974995158115,0,2.12E-9,5.9198989287949026E7,1.942546910097291E8,0
-0.4357208464096129,0.40726253534452717,0,2.13E-9,5.94624467419655E7,1.9429642550826368E8,0
-0.43512471767297173,0.4092057389764784,0,2.14E-9,5.9725693855719715E7,1.943383164602695E8,0
-0.43452595767103847,0.4111493624091094,0,2.1500000000000002E-9,5.99887299465192E7,1.9438036336522555E8,0
-0.43392456851792294,0.4130934071990837,0,2.1600000000000004E-9,6.025155433532103E7,1.9442256572160664E8,0
-0.43332055233450445,0.4150378748980442,0,2.17E-9,6.051416634673581E7,1.9446492302689728E8,0
-0.43271391124839537,0.41698276705260284,0,2.1800000000000003E-9,6.0776565309031524E7,1.945074347776075E8,0
-0.4321046473939044,0.4189280852043312,0,2.19E-9,6.103875055413694E7,1.945501004692862E8,0
-0.4314927629120001,0.4208738308897513,0,2.2000000000000003E-9,6.13007214176453E7,1.945929195965365E8,0
-0.43087825995027407,0.4228200056403251,0,2.21E-9,6.156247723881723E7,1.9463589165303043E8,0
-0.43026114066290433,0.4247666109824467,0,2.22E-9,6.182401736058456E7,1.9467901613152227E8,0
-0.4296414072106186,0.4267136484374324,0,2.23E-9,6.208534112955278E7,1.9472229252386513E8,0
-0.4290190617606576,0.428661119521512,0,2.2400000000000005E-9,6.234644789600449E7,1.9476572032102352E8,0
-0.42839410648673804,0.43060902574581955,0,2.2500000000000003E-9,6.260733701390193E7,1.9480929901308906E8,0
-0.42776654356901656,0.43255736861638583,0,2.2600000000000005E-9,6.286800784080234E7,1.9485302808929613E8,0
-0.42713637519405223,0.4345061496341287,0,2.2700000000000002E-9,6.312845973815774E7,1.94896907038031E8,0
-0.426503603554769,0.4364553702948451,0,2.2800000000000004E-9,6.3388692070931E7,1.9494093534685296E8,0
-0.42586823085042014,0.43840503208920295,0,2.29E-9,6.364870420785857E7,1.9498511250250432E8,0
-0.42523025928655034,0.4403551365027333,0,2.3000000000000003E-9,6.3908495521322004E7,1.9502943799092734E8,0
-0.42458969107495936,0.4423056850158217,0,2.31E-9,6.416806538742249E7,1.9507391129727694E8,0
-0.42394652843366504,0.44425667910370104,0,2.32E-9,6.442741318594272E7,1.9511853190593576E8,0
-0.42330077358686613,0.44620812023644385,0,2.33E-9,6.46865383003708E7,1.9516329930052868E8,0
-0.4226524287649051,0.4481600098789543,0,2.34E-9,6.494544011788962E7,1.9520821296393684E8,0
-0.42200149620423183,0.45011234949096157,0,2.3500000000000004E-9,6.520411802938493E7,1.952532723783114E8,0
-0.4213479781473662,0.4520651405270118,0,2.36E-9,6.546257142944351E7,1.9529847702508903E8,0
-0.42069187684286075,0.45401838443646225,0,2.3700000000000003E-9,6.5720799716356106E7,1.9534382638500497E8,0
-0.4200331945452643,0.4559720826634729,0,2.38E-9,6.597880229211754E7,1.953893199381078E8,0
-0.41937193351508406,0.4579262366470007,0,2.3900000000000002E-9,6.623657856242839E7,1.9543495716377372E8,0
-0.41870809601874964,0.4598808478207923,0,2.4E-9,6.649412793669543E7,1.9548073754072E8,0
-0.418041684328575,0.4618359176133784,0,2.41E-9,6.6751449828032784E7,1.9552666054702014E8,0
-0.417372700722722,0.4637914474480662,0,2.42E-9,6.700854365326242E7,1.9557272566011682E8,0
-0.4167011474851627,0.46574743874293445,0,2.4300000000000005E-9,6.726540883291455E7,1.9561893235683712E8,0
-0.4160270269056432,0.4677038929108259,0,2.4400000000000003E-9,6.752204479122826E7,1.9566528011340526E8,0
-0.41535034127964565,0.46966081135934323,0,2.4500000000000004E-9,6.777845095615171E7,1.9571176840545803E8,0
-0.4146710929083516,0.4716181954908411,0,2.46E-9,6.803462675934224E7,1.957583967080571E8,0
-0.4139892840986048,0.47357604670242254,0,2.4700000000000004E-9,6.829057163616641E7,1.9580516449570507E8,0
-0.4133049171628744,0.4755343663859317,0,2.48E-9,6.854628502570006E7,1.9585207124235672E8,0
-0.4126179944192172,0.47749315592795,0,2.4900000000000003E-9,6.880176637072805E7,1.958991164214355E8,0
-0.4119285181912412,0.4794524167097894,0,2.5E-9,6.905701511774378E7,1.9594629950584537E8,0
-0.41123649080806823,0.4814121501074887,0,2.5100000000000002E-9,6.931203071694914E7,1.9599361996798572E8,0
-0.410541914604297,0.4833723574918073,0,2.52E-9,6.956681262225352E7,1.9604107727976507E8,0
-0.4098447919199657,0.4853330402282213,0,2.5300000000000006E-9,6.98213602912734E7,1.9608867091261375E8,0
-0.4091451251005155,0.4872941996769181,0,2.5400000000000003E-9,7.007567318533158E7,1.96136400337499E8,0
-0.4084429164967528,0.48925583719279275,0,2.5500000000000005E-9,7.032975076945603E7,1.961842650249376E8,0
-0.4077381684648129,0.49121795412544245,0,2.5600000000000003E-9,7.058359251237948E7,1.9623226444501033E8,0
-0.4070308833661225,0.4931805518191631,0,2.57E-9,7.083719788653716E7,1.9628039806737408E8,0
-0.4063210635673626,0.49514363161294495,0,2.58E-9,7.10905663680671E7,1.9632866536127785E8,0
-0.4056087114404319,0.497107194840468,0,2.59E-9,7.134369743680732E7,1.9637706579557312E8,0
-0.40489382936240953,0.4990712428300989,0,2.6E-9,7.159659057629518E7,1.9642559883873042E8,0
-0.4041764197155182,0.5010357769048868,0,2.61E-9,7.18492452737656E7,1.9647426395885E8,0
-0.4034564848870869,0.50300079838256,0,2.6200000000000005E-9,7.21016610201493E7,1.965230606236779E8,0
-0.40273402726951446,0.504966308575522,0,2.6300000000000002E-9,7.235383731007119E7,1.9657198830061623E8,0
-0.40200904926023207,0.506932308790849,0,2.6400000000000004E-9,7.2605773641848E7,1.966210464567398E8,0
-0.4012815532616669,0.5088988003302852,0,2.65E-9,7.285746951748681E7,1.9667023455880606E8,0
-0.40055154168120516,0.5108657844902416,0,2.6600000000000003E-9,7.310892444268268E7,1.9671955207327145E8,0
-0.3998190169311546,0.5128332625617914,0,2.67E-9,7.336013792681623E7,1.9676899846630165E8,0
-0.3990839814287085,0.5148012358306687,0,2.6800000000000003E-9,7.361110948295146E7,1.9681857320378736E8,0
-0.39834643759590826,0.516769705577264,0,2.69E-9,7.386183862783338E7,1.9686827575135526E8,0
-0.39760638785960684,0.5187386730766235,0,2.7E-9,7.411232488188522E7,1.969181055743824E8,0
-0.3968638346514319,0.520708139598445,0,2.71E-9,7.436256776920578E7,1.9696806213800836E8,0
-0.39611878040774917,0.5226781064070776,0,2.7200000000000005E-9,7.461256681756695E7,1.970181449071487E8,0
-0.3953712275696256,0.5246485747615166,0,2.7300000000000003E-9,7.48623215584102E7,1.9706835334650785E8,0
-0.39462117858279333,0.5266195459154048,0,2.7400000000000005E-9,7.511183152684447E7,1.9711868692059168E8,0
-0.3938686358976118,0.5285910211170284,0,2.7500000000000002E-9,7.536109626164226E7,1.971691450937204E8,0
-0.3931136019690319,0.5305630016093159,0,2.7600000000000004E-9,7.56101153052368E7,1.9721972733004138E8,0
-0.3923560792565596,0.5325354886298361,0,2.77E-9,7.585888820371881E7,1.9727043309354225E8,0
-0.3915960702242187,0.5345084834107974,0,2.7800000000000003E-9,7.61074145068328E7,1.9732126184806234E8,0
-0.39083357734051527,0.5364819871790448,0,2.79E-9,7.635569376797387E7,1.9737221305730715E8,0
-0.39006860307839986,0.5384560011560611,0,2.8000000000000003E-9,7.6603725544184E7,1.9742328618485916E8,0
-0.38930114991523246,0.540430526557963,0,2.8100000000000004E-9,7.685150939614823E7,1.9747448069419137E8,0
-0.388531220332745,0.5424055645955019,0,2.82E-9,7.709904488819103E7,1.975257960486797E8,0
-0.3877588168170054,0.5443811164740627,0,2.8300000000000004E-9,7.734633158827226E7,1.9757723171161473E8,0
-0.3869839418583816,0.5463571833936621,0,2.84E-9,7.75933690679833E7,1.976287871462151E8,0
-0.3862065979515042,0.5483337665489498,0,2.8500000000000003E-9,7.78401569025428E7,1.9768046181563908E8,0
-0.3854267875952315,0.5503108671292052,0,2.86E-9,7.80866946707925E7,1.9773225518299666E8,0
-0.38464451329261273,0.5522884863183402,0,2.8700000000000002E-9,7.833298195519312E7,1.9778416671136323E8,0
-0.38385977755085143,0.554266625294896,0,2.88E-9,7.857901834181972E7,1.9783619586378944E8,0
-0.3830725828812701,0.5562452852320455,0,2.89E-9,7.88248034203576E7,1.9788834210331556E8,0
-0.38228293179927375,0.5582244672975909,0,2.9E-9,7.907033678409706E7,1.9794060489298204E8,0
-0.38149082682431357,0.5602041726539657,0,2.9100000000000005E-9,7.931561802992941E7,1.979929836958421E8,0
-0.38069627047985183,0.5621844024582334,0,2.9200000000000003E-9,7.956064675834182E7,1.9804547797497386E8,0
-0.379899265293325,0.5641651578620888,0,2.9300000000000004E-9,7.980542257341269E7,1.98098087193492E8,0
-0.37909981379610863,0.5661464400118581,0,2.94E-9,8.004994508280644E7,1.9815081081455928E8,0
-0.3782979185234808,0.5681282500485001,0,2.9500000000000004E-9,8.029421389776874E7,1.9820364830139953E8,0
-0.3774935820145867,0.5701105891076048,0,2.96E-9,8.05382286331213E7,1.982565991173072E8,0
-0.3766868068124032,0.5720934583193971,0,2.9700000000000003E-9,8.078198890725648E7,1.9830966272566208E8,0
-0.37587759546370286,0.5740768588087353,0,2.98E-9,8.10254943421322E7,1.9836283858993813E8,0
-0.37506595051901787,0.5760607916951133,0,2.9900000000000002E-9,8.126874456326656E7,1.9841612617371652E8,0
-0.3742518745326054,0.5780452580926618,0,3.0000000000000004E-9,8.151173919973218E7,1.9846952494069716E8,0
-0.37343537006241134,0.5800302591101488,0,3.0100000000000006E-9,8.175447788415068E7,1.985230343547095E8,0
-0.3726164396700354,0.5820157958509815,0,3.0200000000000003E-9,8.199696025268728E7,1.985766538797247E8,0
-0.37179508592069493,0.5840018694132081,0,3.0300000000000005E-9,8.223918594504464E7,1.98630382979866E8,0
-0.3709713113831906,0.5859884808895184,0,3.0400000000000003E-9,8.248115460445756E7,1.9868422111942163E8,0
-0.37014511862987043,0.5879756313672465,0,3.0500000000000004E-9,8.27228658776864E7,1.9873816776285392E8,0
-0.3693165102365946,0.5899633219283719,0,3.06E-9,8.2964319415012E7,1.9879222237481287E8,0
-0.36848548878270027,0.591951553649522,0,3.0700000000000004E-9,8.320551487022859E7,1.9884638442014483E8,0
-0.36765205685096713,0.5939403276019735,0,3.08E-9,8.34464519006384E7,1.989006533639059E8,0
-0.36681621702758127,0.595929644851655,0,3.09E-9,8.36871301670452E7,1.9895502867137113E8,0
-0.365977971902101,0.5979195064591498,0,3.1000000000000005E-9,8.39275493337478E7,1.9900950980804673E8,0
-0.36513732406742194,0.5999099134796967,0,3.1100000000000002E-9,8.416770906853394E7,1.9906409623968E8,0
-0.3642942761197415,0.6019008669631941,0,3.1200000000000004E-9,8.440760904267386E7,1.9911878743227106E8,0
-0.36344883065852485,0.6038923679542015,0,3.13E-9,8.464724893091321E7,1.99173582852083E8,0
-0.3626009902864697,0.6058844174919426,0,3.1400000000000003E-9,8.488662841146727E7,1.99228481965653E8,0
-0.3617507576094719,0.6078770166103087,0,3.15E-9,8.51257471660133E7,1.9928348423980236E8,0
-0.3608981352365907,0.6098701663378603,0,3.1600000000000003E-9,8.536460487968495E7,1.9933858914164862E8,0
-0.3600431257800145,0.6118638676978309,0,3.17E-9,8.560320124106386E7,1.9939379613861385E8,0
-0.3591857318550261,0.6138581217081303,0,3.18E-9,8.584153594217445E7,1.9944910469843727E8,0
-0.3583259560799682,0.6158529293813473,0,3.19E-9,8.607960867847551E7,1.9950451428918415E8,0
-0.3574638010762099,0.6178482917247539,0,3.2000000000000005E-9,8.631741914885406E7,1.9956002437925774E8,0
-0.35659926946811127,0.6198442097403074,0,3.2100000000000003E-9,8.655496705561745E7,1.9961563443740758E8,0
-0.35573236388299007,0.6218406844246549,0,3.2200000000000005E-9,8.679225210448685E7,1.996713439327418E8,0
-0.3548630869510874,0.6238377167691366,0,3.2300000000000002E-9,8.702927400458966E7,1.9972715233473536E8,0
-0.3539914413055337,0.6258353077597897,0,3.2400000000000004E-9,8.726603246845189E7,1.997830591132426E8,0
-0.3531174295823146,0.627833458377352,0,3.25E-9,8.750252721199134E7,1.998390637385044E8,0
-0.35224105442023745,0.6298321695972665,0,3.2600000000000003E-9,8.77387579545094E7,1.9989516568116084E8,0
-0.35136231846089705,0.6318314423896841,0,3.27E-9,8.79747244186841E7,1.9995136441225925E8,0
-0.35048122434864226,0.6338312777194696,0,3.2800000000000003E-9,8.821042633056216E7,2.000076594032653E8,0
-0.3495977747305422,0.6358316765462039,0,3.2900000000000004E-9,8.844586341955143E7,2.000640501260723E8,0
-0.3487119722563531,0.63783263982419,0,3.3000000000000006E-9,8.868103541841294E7,2.001205360530111E8,0
-0.3478238195784841,0.6398341685024563,0,3.3100000000000004E-9,8.891594206325325E7,2.001771166568594E8,0
-0.34693331935196425,0.6418362635247619,0,3.3200000000000005E-9,8.91505830935166E7,2.0023379141085258E8,0
-0.3460404742344093,0.6438389258296009,0,3.3300000000000003E-9,8.938495825197688E7,2.002905597886915E8,0
-0.345145286885988,0.645842156350207,0,3.34E-9,8.96190672847294E7,2.0034742126455364E8,0
-0.3442477599693896,0.6478459560145585,0,3.3500000000000002E-9,8.985290994118321E7,2.004043753131015E8,0
-0.34334789614978994,0.649850325745383,0,3.36E-9,9.008648597405283E7,2.0046142140949294E8,0
-0.342445698094819,0.6518552664601631,0,3.37E-9,9.031979513934968E7,2.005185590293892E8,0
-0.34154116847452815,0.65386077907114,0,3.38E-9,9.05528371963745E7,2.005757876489658E8,0
-0.3406343099613568,0.6558668644853208,0,3.3900000000000005E-9,9.078561190770842E7,2.0063310674492046E8,0
-0.33972512523009957,0.6578735236044817,0,3.4000000000000003E-9,9.101811903920482E7,2.0069051579448238E8,0
-0.3388136169578746,0.6598807573251748,0,3.4100000000000004E-9,9.125035835998109E7,2.007480142754227E8,0
-0.3378997878240896,0.6618885665387325,0,3.42E-9,9.148232964240973E7,2.0080560166606116E8,0
-0.33698364051040997,0.6638969521312744,0,3.4300000000000004E-9,9.17140326621101E7,2.008632774452773E8,0
-0.33606517770072697,0.6659059149837115,0,3.44E-9,9.194546719793978E7,2.0092104109251845E8,0
-0.3351444020811245,0.6679154559717527,0,3.4500000000000003E-9,9.217663303198567E7,2.0097889208780783E8,0
-0.3342213163398471,0.6699255759659103,0,3.46E-9,9.240752994955562E7,2.0103682991175452E8,0
-0.33329592316726786,0.6719362758315066,0,3.4700000000000002E-9,9.263815773916957E7,2.0109485404556212E8,0
-0.3323682252558567,0.6739475564286792,0,3.4800000000000004E-9,9.286851619255042E7,2.0115296397103602E8,0
-0.3314382253001479,0.6759594186123872,0,3.4900000000000006E-9,9.309860510461554E7,2.0121115917059392E8,0
-0.33050592599670836,0.677971863232417,0,3.5000000000000003E-9,9.332842427346773E7,2.0126943912727278E8,0
-0.32957133004410555,0.6799848911333896,0,3.5100000000000005E-9,9.355797350038609E7,2.0132780332473817E8,0
-0.32863444014287635,0.6819985031547656,0,3.5200000000000003E-9,9.37872525898171E7,2.01386251247292E8,0
-0.3276952589954951,0.6840127001308534,0,3.5300000000000004E-9,9.401626134936576E7,2.0144478237988183E8,0
-0.3267537893063419,0.6860274828908132,0,3.54E-9,9.424499958978602E7,2.0150339620810813E8,0
-0.32581003378167156,0.6880428522586663,0,3.5500000000000004E-9,9.447346712497196E7,2.0156209221823302E8,0
-0.3248639951295821,0.6900588090533,0,3.56E-9,9.470166377194843E7,2.0162086989718822E8,0
-0.32391567605998295,0.6920753540884742,0,3.5700000000000007E-9,9.492958935086171E7,2.0167972873258367E8,0
-0.3229650792845651,0.6940924881728293,0,3.5800000000000005E-9,9.515724368497051E7,2.0173866821271437E8,0
-0.3220122075167686,0.6961102121098928,0,3.5900000000000002E-9,9.5384626600636E7,2.017976878265697E8,0
-0.32105706347175256,0.6981285266980858,0,3.6000000000000004E-9,9.561173792731334E7,2.018567870638403E8,0
-0.32009964986636374,0.7001474327307303,0,3.61E-9,9.583857749754113E7,2.0191596541492668E8,0
-0.31913996941910605,0.7021669309960568,0,3.6200000000000003E-9,9.60651451469327E7,2.01975222370946E8,0
-0.3181780248501098,0.7041870222772105,0,3.63E-9,9.62914407141664E7,2.0203455742374104E8,0
-0.3172138188811006,0.7062077073522602,0,3.6400000000000003E-9,9.651746404097588E7,2.020939700658866E8,0
-0.31624735423537,0.7082289869942034,0,3.65E-9,9.67432149721405E7,2.0215345979069802E8,0
-0.3152786336377438,0.7102508619709762,0,3.66E-9,9.69686933554758E7,2.0221302609223807E8,0
-0.3143076598145528,0.712273333045459,0,3.6700000000000004E-9,9.719389904182382E7,2.0227266846532506E8,0
-0.31333443549360185,0.7142964009754849,0,3.6800000000000005E-9,9.741883188504289E7,2.0233238640553913E8,0
-0.31235896340414027,0.7163200665138469,0,3.6900000000000003E-9,9.764349174199861E7,2.023921794092313E8,0
-0.3113812462768314,0.7183443304083067,0,3.7000000000000005E-9,9.786787847255348E7,2.0245204697352856E8,0
-0.31040128684372303,0.7203691934016005,0,3.7100000000000002E-9,9.809199193955696E7,2.0251198859634304E8,0
-0.30941908783821725,0.7223946562314498,0,3.7200000000000004E-9,9.83158320088364E7,2.0257200377637815E8,0
-0.30843465199504116,0.7244207196305663,0,3.73E-9,9.853939854918593E7,2.0263209201313558E8,0
-0.30744798205021684,0.7264473843266621,0,3.740000000000001E-9,9.876269143235749E7,2.026922528069229E8,0
-0.30645908074103223,0.7284746510424565,0,3.7500000000000005E-9,9.898571053305027E7,2.0275248565885994E8,0
-0.3054679508060112,0.7305025204956852,0,3.76E-9,9.920845572890086E7,2.0281279007088616E8,0
-0.30447459498488466,0.7325309933991075,0,3.77E-9,9.94309269004731E7,2.0287316554576698E8,0
-0.3034790160185611,0.7345600704605157,0,3.780000000000001E-9,9.96531239312483E7,2.0293361158710122E8,0
-0.3024812166490979,0.736589752382742,0,3.79E-9,9.987504670761451E7,2.0299412769932663E8,0
-0.3014811996196718,0.7386200398636689,0,3.8E-9,1.0009669511885697E8,2.0305471338772815E8,0
-0.30047896767455007,0.7406509335962361,0,3.810000000000001E-9,1.0031806905714755E8,2.0311536815844318E8,0
-0.29947452355906207,0.742682434268449,0,3.8200000000000005E-9,1.0053916841753446E8,2.0317609151846865E8,0
-0.2984678700195702,0.744714542563389,0,3.83E-9,1.0075999309793243E8,2.032368829756671E8,0
-0.2974590098034412,0.7467472591592206,0,3.84E-9,1.0098054299911185E8,2.032977420387738E8,0
-0.2964479456590181,0.7487805847292006,0,3.8500000000000006E-9,1.0120081802468911E8,2.0335866821740228E8,0
-0.29543468033559156,0.7508145199416868,0,3.86E-9,1.0142081808111542E8,2.0341966102205104E8,0
-0.2944192165833716,0.7528490654601472,0,3.87E-9,1.0164054307766739E8,2.0348071996410963E8,0
-0.2934015571534591,0.7548842219431693,0,3.88E-9,1.018599929264358E8,2.03541844555865E8,0
-0.2923817047978183,0.7569199900444687,0,3.8900000000000004E-9,1.0207916754231572E8,2.0360303431050697E8,0
-0.29135966226924837,0.7589563704128972,0,3.9E-9,1.0229806684299587E8,2.0366428874213526E8,0
-0.2903354323213556,0.7609933636924537,0,3.910000000000001E-9,1.0251669074894804E8,2.037256073657644E8,0
-0.2893090177085264,0.7630309705222917,0,3.9200000000000005E-9,1.0273503918341678E8,2.0378698969733033E8,0
-0.288280421185898,0.7650691915367298,0,3.93E-9,1.0295311207240883E8,2.0384843525369617E8,0
-0.28724964550933235,0.7671080273652608,0,3.94E-9,1.031709093446824E8,2.039099435526574E8,0
-0.2862166934353881,0.7691474786325605,0,3.950000000000001E-9,1.0338843093173698E8,2.0397151411294836E8,0
-0.28518156772129316,0.7711875459584971,0,3.96E-9,1.0360567676780222E8,2.0403314645424747E8,0
-0.2841442711249178,0.7732282299581421,0,3.97E-9,1.0382264678982793E8,2.040948400971833E8,0
-0.2831048064047473,0.7752695312417774,0,3.98E-9,1.0403934093747275E8,2.04156594563339E8,0
-0.2820631763198546,0.7773114504149075,0,3.9900000000000005E-9,1.0425575915309428E8,2.0421840937525934E8,0
-0.2810193836298743,0.7793539880782667,0,4.0E-9,1.0447190138173766E8,2.0428028405645433E8,0
-0.27997343109497463,0.781397144827831,0,4.01E-9,1.0468776757112545E8,2.0434221813140693E8,0
-0.27892532147583177,0.7834409212548259,0,4.020000000000001E-9,1.049033576716465E8,2.0440421112557536E8,0
-0.2778750575336027,0.785485317945738,0,4.03E-9,1.051186716363456E8,2.044662625654014E8,0
-0.27682264202989876,0.7875303354823227,0,4.04E-9,1.0533370942091247E8,2.0452837197831315E8,0
-0.27576807772675965,0.7895759744416165,0,4.05E-9,1.0554847098367086E8,2.0459053889273164E8,0
-0.27471136738662627,0.7916222353959458,0,4.0600000000000005E-9,1.0576295628556845E8,2.0465276283807498E8,0
-0.2736525137723158,0.793669118912936,0,4.07E-9,1.0597716529016496E8,2.0471504334476393E8,0
-0.2725915196469944,0.7957166255555234,0,4.08E-9,1.061910979636224E8,2.0477737994422695E8,0
-0.271528387774152,0.7977647558819637,0,4.09E-9,1.0640475427469371E8,2.0483977216890445E8,0
-0.2704631209175763,0.799813510445843,0,4.0999999999999995E-9,1.0661813419471191E8,2.049022195522539E8,0
-0.26939572184132693,0.8018628897960887,0,4.110000000000001E-9,1.0683123769757946E8,2.0496472162875488E8,0
-0.2683261933097102,0.8039128944769772,0,4.120000000000001E-9,1.0704406475975719E8,2.0502727793391365E8,0
-0.26725453808725264,0.805963525028147,0,4.1300000000000004E-9,1.0725661536025347E8,2.050898880042674E8,0
-0.2661807589386766,0.8080147819846075,0,4.14E-9,1.074688894806135E8,2.0515255137738937E8,0
-0.26510485862887434,0.8100666658767499,0,4.150000000000001E-9,1.0768088710490811E8,2.052152675918931E8,0
-0.26402683992288345,0.8121191772303575,0,4.1600000000000005E-9,1.078926082197231E8,2.0527803618743715E8,0
-0.26294670558586086,0.8141723165666161,0,4.17E-9,1.0810405281414819E8,2.0534085670472923E8,0
-0.2618644583830586,0.8162260844021253,0,4.18E-9,1.0831522087976603E8,2.054037286855306E8,0
-0.26078010107979877,0.8182804812489073,0,4.190000000000001E-9,1.0852611241064137E8,2.0546665167266074E8,0
-0.25969363644144855,0.8203355076144188,0,4.2E-9,1.0873672740331003E8,2.05529625210001E8,0
-0.2586050672333957,0.8223911640015615,0,4.21E-9,1.0894706585676803E8,2.055926488424995E8,0
-0.257514396221024,0.824447450908693,0,4.22E-9,1.0915712777246058E8,2.0565572211617437E8,0
-0.2564216261696889,0.8265043688296374,0,4.2300000000000005E-9,1.0936691315427111E8,2.0571884457811895E8,0
-0.25532675984469344,0.8285619182536949,0,4.24E-9,1.0957642200850998E8,2.0578201577650487E8,0
-0.2542298000112633,0.8306200996656544,0,4.25E-9,1.0978565434390412E8,2.0584523526058626E8,0
-0.2531307494345232,0.8326789135458037,0,4.26E-9,1.0999461017158537E8,2.059085025807042E8,0
-0.25202961087947295,0.8347383603699399,0,4.27E-9,1.1020328950508006E8,2.0597181728828967E8,0
-0.2509263871109638,0.8367984406093802,0,4.28E-9,1.1041169236029746E8,2.060351789358682E8,0
-0.2498210808936738,0.8388591547309743,0,4.290000000000001E-9,1.106198187555194E8,2.0609858707706308E8,0
-0.2487136949920851,0.8409205031971134,0,4.3000000000000005E-9,1.1082766871138825E8,2.0616204126659912E8,0
-0.24760423217045963,0.8429824864657435,0,4.310000000000001E-9,1.1103524225089733E8,2.0622554106030667E8,0
-0.2464926951928164,0.8450451049903739,0,4.320000000000001E-9,1.1124253939937852E8,2.0628908601512474E8,0
-0.24537908682290765,0.8471083592200905,0,4.3300000000000006E-9,1.1144956018449174E8,2.0635267568910465E8,0
-0.24426340982419573,0.8491722495995662,0,4.34E-9,1.1165630463621464E8,2.0641630964141393E8,0
-0.24314566695982998,0.8512367765690714,0,4.350000000000001E-9,1.1186277278683011E8,2.0647998743233874E8,0
-0.24202586099262408,0.8533019405644857,0,4.360000000000001E-9,1.1206896467091669E8,2.0654370862328863E8,0
-0.24090399468503249,0.85536774201731,0,4.3700000000000004E-9,1.1227488032533643E8,2.0660747277679852E8,0
-0.23978007079912833,0.8574341813546766,0,4.38E-9,1.1248051978922464E8,2.06671279456533E8,0
-0.23865409209658037,0.8595012589993605,0,4.39E-9,1.1268588310397834E8,2.067351282272888E8,0
-0.2375260613386304,0.8615689753697917,0,4.4000000000000005E-9,1.1289097031324546E8,2.067990186549981E8,0
-0.23639598128607128,0.8636373308800657,0,4.41E-9,1.1309578146291399E8,2.0686295030673242E8,0
-0.23526385469922395,0.8657063259399556,0,4.42E-9,1.1330031660110047E8,2.0692692275070408E8,0
-0.23412968433791562,0.8677759609549225,0,4.43E-9,1.135045757781393E8,2.0699093555627117E8,0
-0.2329934729614574,0.869846236326129,0,4.44E-9,1.1370855904657169E8,2.0705498829393858E8,0
-0.23185522332862274,0.8719171524504479,0,4.45E-9,1.1391226646113463E8,2.0711908053536254E8,0
-0.23071493819762504,0.8739887097204753,0,4.46E-9,1.1411569807874963E8,2.071832118533519E8,0
-0.22957262032609607,0.8760609085245428,0,4.47E-9,1.1431885395851223E8,2.072473818218726E8,0
-0.22842827247106406,0.8781337492467285,0,4.480000000000001E-9,1.1452173416168022E8,2.0731159001604897E8,0
-0.22728189738893306,0.8802072322668668,0,4.490000000000001E-9,1.1472433875166357E8,2.0737583601216733E8,0
-0.22613349783546016,0.8822813579605624,0,4.500000000000001E-9,1.1492666779401228E8,2.0744011938767788E8,0
-0.2249830765657349,0.8843561266992019,0,4.51E-9,1.151287213564068E8,2.0750443972119823E8,0
-0.22383063633415798,0.886431538849964,0,4.520000000000001E-9,1.1533049950864561E8,2.075687965925152E8,0
-0.22267617989442015,0.8885075947758321,0,4.530000000000001E-9,1.155320023226351E8,2.076331895825873E8,0
-0.22151970999948098,0.890584294835606,0,4.5400000000000005E-9,1.157332298723786E8,2.0769761827354836E8,0
-0.22036122940154815,0.8926616393839135,0,4.55E-9,1.1593418223396476E8,2.0776208224870735E8,0
-0.21920074085205649,0.8947396287712226,0,4.560000000000001E-9,1.1613485948555738E8,2.07826581092554E8,0
-0.2180382471016476,0.8968182633438521,0,4.5700000000000006E-9,1.1633526170738366E8,2.0789111439075837E8,0
-0.21687375090014893,0.8988975434439849,0,4.58E-9,1.1653538898172419E8,2.0795568173017487E8,0
-0.21570725499655355,0.9009774694096789,0,4.59E-9,1.1673524139290091E8,2.0802028269884318E8,0
-0.2145387621389995,0.9030580415748797,0,4.600000000000001E-9,1.1693481902726711E8,2.080849168859914E8,0
-0.2133682750747501,0.9051392602694311,0,4.6100000000000004E-9,1.1713412197319604E8,2.0814958388203773E8,0
-0.21219579655017318,0.9072211258190886,0,4.62E-9,1.1733315032106997E8,2.08214283278592E8,0
-0.2110213293107214,0.9093036385455306,0,4.63E-9,1.1753190416326952E8,2.082790146684591E8,0
-0.20984487610091213,0.9113867987663704,0,4.64E-9,1.177303835941625E8,2.083437776456392E8,0
-0.20866643966430798,0.9134706067951681,0,4.65E-9,1.179285887100933E8,2.0840857180533132E8,0
-0.2074860227434969,0.915555062941442,0,4.66E-9,1.1812651960937196E8,2.0847339674393365E8,0
-0.20630362808007227,0.9176401675106818,0,4.670000000000001E-9,1.1832417639226277E8,2.0853825205904654E8,0
-0.20511925841461412,0.9197259208043601,0,4.68E-9,1.1852155916097426E8,2.0860313734947377E8,0
-0.203932916486669,0.9218123231199449,0,4.690000000000001E-9,1.1871866801964816E8,2.0866805221522436E8,0
-0.20274460503473135,0.9238993747509099,0,4.700000000000001E-9,1.1891550307434763E8,2.0873299625751418E8,0
-0.2015543267962239,0.925987075986749,0,4.7100000000000005E-9,1.1911206443304801E8,2.087979690787679E8,0
-0.20036208450747864,0.9280754271129871,0,4.72E-9,1.1930835220562452E8,2.0886297028261995E8,0
-0.19916788090371818,0.9301644284111923,0,4.730000000000001E-9,1.1950436650384258E8,2.0892799947391668E8,0
-0.19797171871903688,0.9322540801589874,0,4.740000000000001E-9,1.1970010744134654E8,2.0899305625871816E8,0
-0.1967736006863817,0.9343443826300633,0,4.75E-9,1.1989557513364857E8,2.090581402442979E8,0
-0.19557352953753393,0.9364353360941908,0,4.76E-9,1.2009076969811891E8,2.0912325103914675E8,0
-0.19437150800309064,0.938526940817233,0,4.770000000000001E-9,1.2028569125397392E8,2.09188388252972E8,0
-0.19316753881244636,0.9406191970611552,0,4.7800000000000005E-9,1.2048033992226654E8,2.0925355149670076E8,0
-0.19196162469377454,0.9427121050840408,0,4.79E-9,1.206747158258745E8,2.093187403824791E8,0
-0.19075376837400937,0.9448056651401006,0,4.8E-9,1.2086881908949055E8,2.093839545236753E8,0
-0.18954397257882796,0.9468998774796868,0,4.8100000000000006E-9,1.2106264983961119E8,2.0944919353487936E8,0
-0.18833224003263235,0.9489947423493043,0,4.82E-9,1.212562082045262E8,2.095144570319059E8,0
-0.1871185734585312,0.9510902599916224,0,4.83E-9,1.2144949431430805E8,2.0957974463179326E8,0
-0.1859029755783225,0.9531864306454891,0,4.84E-9,1.216425083008011E8,2.0964505595280623E8,0
-0.18468544911247536,0.955283254545941,0,4.850000000000001E-9,1.2183525029761139E8,2.097103906144364E8,0
-0.1834659967801136,0.9573807319242165,0,4.860000000000001E-9,1.2202772044009535E8,2.0977574823740324E8,0
-0.18224462129899693,0.9594788630077692,0,4.870000000000001E-9,1.2221991886535014E8,2.098411284436549E8,0
-0.18102132538550436,0.9615776480202783,0,4.8800000000000005E-9,1.2241184571220213E8,2.0990653085636908E8,0
-0.17979611175461674,0.9636770871816623,0,4.89E-9,1.2260350112119722E8,2.0997195509995452E8,0
-0.1785689831198996,0.9657771807080912,0,4.900000000000001E-9,1.2279488523458971E8,2.100374008000508E8,0
-0.1773399421934866,0.9678779288119971,0,4.910000000000001E-9,1.22985998196332E8,2.1010286758353028E8,0
-0.17610899168606195,0.9699793317020893,0,4.92E-9,1.2317684015206425E8,2.1016835507849762E8,0
-0.174876134306844,0.9720813895833647,0,4.93E-9,1.2336741124910371E8,2.1023386291429156E8,0
-0.17364137276356814,0.9741841026571203,0,4.940000000000001E-9,1.2355771163643458E8,2.1029939072148514E8,0
-0.17240470976247088,0.9762874711209659,0,4.9500000000000005E-9,1.2374774146469676E8,2.1036493813188568E8,0
-0.17116614800827257,0.9783914951688367,0,4.96E-9,1.2393750088617678E8,2.104305047785369E8,0
-0.16992569020416157,0.9804961749910058,0,4.97E-9,1.2412699005479622E8,2.104960902957178E8,0
-0.16868333905177746,0.9826015107740955,0,4.980000000000001E-9,1.2431620912610199E8,2.1056169431894475E8,0
-0.1674390972511956,0.9847075027010905,0,4.99E-9,1.2450515825725566E8,2.1062731648497012E8,0
-0.16619296750091012,0.9868141509513504,0,5.0E-9,1.2469383760702337E8,2.1069295643178457E8,0
-0.16494495249781854,0.9889214557006213,0,5.01E-9,1.248822473357657E8,2.107586137986163E8,0
-0.16369505493720565,0.9910294171210494,0,5.0200000000000004E-9,1.2507038760542636E8,2.1082428822593164E8,0
-0.16244327751272797,0.9931380353811915,0,5.03E-9,1.2525825857952365E8,2.108899793554358E8,0
-0.16118962291639777,0.9952473106460292,0,5.04E-9,1.2544586042313862E8,2.109556868300724E8,0
-0.15993409383856777,0.997357243076981,0,5.05E-9,1.2563319330290557E8,2.1102141029402423E8,0
-0.15867669296791514,0.9994678328319138,0,5.060000000000001E-9,1.2582025738700208E8,2.1108714939271343E8,0
-0.1574174229914272,1.0015790800651556,0,5.070000000000001E-9,1.2600705284513824E8,2.111529037728017E8,0
-0.15615628659438585,1.0036909849275106,0,5.080000000000001E-9,1.2619357984838186E8,2.1121867308254775E8,0
-0.1548932864603518,1.0058035475662679,0,5.0900000000000004E-9,1.2637983856967533E8,2.1128445697065943E8,0
-0.1536284252711491,1.0079167681252144,0,5.100000000000001E-9,1.2656582918321195E8,2.1135025508763725E8,0
-0.15236170570685095,1.0100306467446472,0,5.110000000000001E-9,1.2675155186476235E8,2.1141606708503407E8,0
-0.1510931304457647,1.0121451835613873,0,5.1200000000000005E-9,1.2693700679153232E8,2.11481892615747E8,0
-0.14982270216441684,1.0142603787087912,0,5.13E-9,1.271221941422261E8,2.1154773133385473E8,0
-0.1485504235375388,1.0163762323167629,0,5.14E-9,1.2730711409699562E8,2.1161358289470786E8,0
-0.14727629723805183,1.018492744511768,0,5.150000000000001E-9,1.2749176683745317E8,2.1167944695487857E8,0
-0.14600032593705337,1.0206099154168444,0,5.16E-9,1.2767615254664923E8,2.1174532317218885E8,0
-0.14472251230380165,1.0227277451516148,0,5.17E-9,1.2786027140906815E8,2.1181121120569366E8,0
-0.1434428590057021,1.0248462338323,0,5.18E-9,1.2804412361061677E8,2.1187711071569085E8,0
-0.142161368708293,1.0269653815717317,0,5.1900000000000005E-9,1.28227709338614E8,2.119430213637148E8,0
-0.1408780440752316,1.0290851884793621,0,5.2E-9,1.2841102878178194E8,2.1200894281254002E8,0
-0.1395928877682798,1.0312056546612796,0,5.21E-9,1.285940821302352E8,2.1207487472617778E8,0
-0.1383059024472904,1.0333267802202197,0,5.22E-9,1.2877686957547186E8,2.121408167698788E8,0
-0.13701709077019342,1.0354485652555774,0,5.23E-9,1.2895939131036288E8,2.1220676861013004E8,0
-0.1357264553929824,1.0375710098634188,0,5.240000000000001E-9,1.2914164752914287E8,2.122727299146564E8,0
-0.13443399896970093,1.0396941141364953,0,5.250000000000001E-9,1.2932363842740035E8,2.1233870035241953E8,0
-0.1331397241524288,1.0418178781642546,0,5.2600000000000004E-9,1.2950536420206782E8,2.124046795936168E8,0
-0.1318436335912689,1.0439423020328538,0,5.270000000000001E-9,1.2968682505141214E8,2.1247066730968186E8,0
-0.1305457299343342,1.0460673858251712,0,5.280000000000001E-9,1.2986802117502478E8,2.125366631732835E8,0
-0.12924601582773376,1.0481931296208185,0,5.2900000000000006E-9,1.3004895277381264E8,2.1260266685832506E8,0
-0.12794449391556037,1.050319533496154,0,5.3E-9,1.3022962004998769E8,2.126686780399443E8,0
-0.1266411668398771,1.0524465975242943,0,5.310000000000001E-9,1.3041002320705822E8,2.127346963945125E8,0
-0.12533603724070505,1.0545743217751258,0,5.320000000000001E-9,1.3059016244981848E8,2.128007215996332E8,0
-0.12402910775600959,1.0567027063153187,0,5.33E-9,1.3077003798433982E8,2.128667533341433E8,0
-0.12272038102168839,1.0588317512083398,0,5.34E-9,1.3094965001796095E8,2.1293279127810976E8,0
-0.12140985967155829,1.0609614565144623,0,5.350000000000001E-9,1.311289987592781E8,2.1299883511283183E8,0
-0.12009754633734349,1.0630918222907795,0,5.3600000000000005E-9,1.3130808441813649E8,2.1306488452083772E8,0
-0.11878344364866225,1.0652228485912165,0,5.37E-9,1.3148690720561965E8,2.1313093918588528E8,0
-0.11746755423301508,1.0673545354665444,0,5.38E-9,1.3166546733404146E8,2.1319699879296085E8,0
-0.11614988071577244,1.06948688296439,0,5.39E-9,1.3184376501693515E8,2.1326306302827802E8,0
-0.11483042572016236,1.0716198911292498,0,5.4E-9,1.3202180046904601E8,2.1332913157927728E8,0
-0.11350919186725894,1.0737535600025017,0,5.41E-9,1.3219957390631987E8,2.133952041346253E8,0
-0.11218618177596962,1.0758878896224169,0,5.42E-9,1.3237708554589562E8,2.134612803842125E8,0
-0.11086139806302384,1.078022880024173,0,5.43E-9,1.3255433560609514E8,2.1352736001915485E8,0
-0.10953484334296087,1.0801585312398658,0,5.440000000000001E-9,1.327313243064138E8,2.1359344273178968E8,0
-0.10820652022811904,1.08229484329852,0,5.450000000000001E-9,1.329080518675121E8,2.136595282156773E8,0
-0.1068764313286228,1.0844318162261048,0,5.4600000000000006E-9,1.3308451851120594E8,2.1372561616559815E8,0
-0.10554457925237219,1.0865694500455432,0,5.47E-9,1.332607244604576E8,2.1379170627755314E8,0
-0.1042109666050309,1.0887077447767257,0,5.480000000000001E-9,1.3343666993936652E8,2.1385779824876106E8,0
-0.10287559599001561,1.0908467004365212,0,5.490000000000001E-9,1.3361235517316088E8,2.1392389177765948E8,0
-0.10153847000848387,1.0929863170387908,0,5.5000000000000004E-9,1.3378778038818729E8,2.139899865639013E8,0
-0.10019959125932366,1.0951265945943978,0,5.51E-9,1.3396294581190334E8,2.1405608230835527E8,0
-0.09885896233914189,1.0972675331112227,0,5.520000000000001E-9,1.341378516728673E8,2.1412217871310413E8,0
-0.09751658584225403,1.0994091325941726,0,5.5300000000000005E-9,1.343124982007298E8,2.141882754814433E8,0
-0.09617246436067246,1.1015513930451948,0,5.54E-9,1.3448688562622482E8,2.142543723178801E8,0
-0.09482660048409633,1.1036943144632891,0,5.55E-9,1.3466101418116102E8,2.1432046892813212E8,0
-0.09347899679990032,1.105837896844519,0,5.560000000000001E-9,1.348348840984121E8,2.143865650191257E8,0
-0.0921296558931248,1.107982140182024,0,5.57E-9,1.350084956119089E8,2.1445266029899526E8,0
-0.09077858034646444,1.1101270444660312,0,5.58E-9,1.3518184895663023E8,2.145187544770814E8,0
-0.0894257727402584,1.1122726096838695,0,5.59E-9,1.3535494436859375E8,2.1458484726392975E8,0
-0.08807123565247948,1.1144188358199794,0,5.6000000000000005E-9,1.3552778208484793E8,2.1465093837128982E8,0
-0.08671497165872467,1.1165657228559251,0,5.61E-9,1.3570036234346253E8,2.1471702751211274E8,0
-0.08535698333220394,1.1187132707704088,0,5.620000000000001E-9,1.3587268538352066E8,2.1478311440055114E8,0
-0.0839972732437311,1.1208614795392795,0,5.630000000000001E-9,1.360447514451099E8,2.1484919875195625E8,0
-0.08263584396171314,1.123010349135547,0,5.64E-9,1.362165607693131E8,2.149152802828775E8,0
-0.08127269805214053,1.125159879529394,0,5.650000000000001E-9,1.3638811359820107E8,2.1498135871106085E8,0
-0.07990783807857789,1.127310070688187,0,5.660000000000001E-9,1.3655941017482227E8,2.150474337554464E8,0
-0.07854126660215327,1.129460922576488,0,5.6700000000000005E-9,1.367304507431961E8,2.1511350513616824E8,0
-0.07717298618154932,1.1316124351560688,0,5.68E-9,1.3690123554830322E8,2.1517957257455128E8,0
-0.07580299937299319,1.1337646083859203,0,5.690000000000001E-9,1.3707176483607733E8,2.152456357931115E8,0
-0.07443130873024777,1.1359174422222653,0,5.7000000000000006E-9,1.3724203885339692E8,2.1531169451555237E8,0
-0.07305791680460136,1.1380709366185702,0,5.71E-9,1.3741205784807682E8,2.1537774846676508E8,0
-0.07168282614485899,1.1402250915255583,0,5.72E-9,1.3758182206886E8,2.1544379737282524E8,0
-0.07030603929733287,1.142379906891219,0,5.730000000000001E-9,1.377513317654085E8,2.1550984096099254E8,0
-0.06892755880583375,1.1445353826608213,0,5.7400000000000004E-9,1.3792058718829617E8,2.1557587895970818E8,0
-0.06754738721166109,1.1466915187769262,0,5.75E-9,1.380895885889993E8,2.1564191109859338E8,0
-0.0661655270535946,1.1488483151793967,0,5.76E-9,1.3825833621988964E8,2.1570793710844824E8,0
-0.06478198086788511,1.1510057718054114,0,5.7700000000000005E-9,1.384268303342249E8,2.1577395672124872E8,0
-0.06339675118824624,1.1531638885894742,0,5.78E-9,1.3859507118614137E8,2.1583996967014626E8,0
-0.062009840545844824,1.1553226654634285,0,5.79E-9,1.3876305903064558E8,2.159059756894654E8,0
-0.06062125146929289,1.1574821023564674,0,5.8E-9,1.3893079412360597E8,2.1597197451470104E8,0
-0.05923098648463869,1.159642199195145,0,5.810000000000001E-9,1.390982767217455E8,2.1603796588251892E8,0
-0.057839048115359046,1.1618029559033887,0,5.820000000000001E-9,1.3926550708263192E8,2.1610394953075078E8,0
-0.056445438882349666,1.163964372402511,0,5.830000000000001E-9,1.3943248546467218E8,2.1616992519839582E8,0
-0.05505016130391767,1.1661264486112213,0,5.8400000000000005E-9,1.3959921212710243E8,2.1623589262561542E8,0
-0.05365321789577297,1.1682891844456385,0,5.850000000000001E-9,1.397656873299809E8,2.1630185155373403E8,0
-0.05225461117102062,1.1704525798192984,0,5.860000000000001E-9,1.3993191133418E8,2.1636780172523573E8,0
-0.050854343640152004,1.1726166346431703,0,5.870000000000001E-9,1.400978844013779E8,2.164337428837626E8,0
-0.04945241781103726,1.1747813488256673,0,5.88E-9,1.402636067940515E8,2.164996747741131E8,0
-0.04804883618891725,1.1769467222726548,0,5.89E-9,1.4042907877546757E8,2.1656559714223984E8,0
-0.04664360127639557,1.179112754887466,0,5.900000000000001E-9,1.4059430060967612E8,2.1663150973524737E8,0
-0.04523671557343126,1.1812794465709107,0,5.9100000000000005E-9,1.4075927256150132E8,2.166974123013908E8,0
-0.043828181577330365,1.183446797221288,0,5.92E-9,1.4092399489653513E8,2.1676330459007335E8,0
-0.042418001782738794,1.1856148067343986,0,5.93E-9,1.4108846788112804E8,2.168291863518443E8,0
-0.04100617868163455,1.1877834750035545,0,5.9400000000000006E-9,1.41252691782383E8,2.1689505733839712E8,0
-0.039592714763320686,1.1899528019195909,0,5.95E-9,1.414166668681467E8,2.1696091730256698E8,0
-0.038177612514417224,1.1921227873708777,0,5.96E-9,1.4158039340700248E8,2.170267659983299E8,0
-0.036760874418854325,1.1942934312433326,0,5.97E-9,1.417438716682619E8,2.1709260318079868E8,0
-0.035342502957864785,1.1964647334204286,0,5.9800000000000004E-9,1.4190710192195877E8,2.1715842860622302E8,0
-0.03392250060997733,1.1986366937832096,0,5.99E-9,1.4207008443883997E8,2.1722424203198513E8,0
-0.03250086985100874,1.2008093122102985,0,6.000000000000001E-9,1.4223281949035895E8,2.172900432165998E8,0
-0.031077613154057705,1.2029825885779104,0,6.0100000000000005E-9,1.423953073486681E8,2.173558319197104E8,0
-0.02965273298949698,1.205156522759864,0,6.020000000000001E-9,1.4255754828661084E8,2.1742160790208775E8,0
-0.028226231824967446,1.2073311146275905,0,6.030000000000001E-9,1.427195425777153E8,2.1748737092562807E8,0
-0.02679811212537049,1.2095063640501484,0,6.040000000000001E-9,1.4288129049618557E8,2.1755312075334975E8,0
-0.02536837635286175,1.211682270894231,0,6.05E-9,1.4304279231689563E8,2.1761885714939207E8,0
-0.023937026966844223,1.2138588350241803,0,6.060000000000001E-9,1.43204048315381E8,2.17684579879013E8,0
-0.022504066423962146,1.2160360563019958,0,6.070000000000001E-9,1.4336505876783252E8,2.177502887085862E8,0
-0.021069497178093827,1.21821393458735,0,6.0800000000000005E-9,1.4352582395108807E8,2.1781598340559945E8,0
-0.019633321680345622,1.2203924697375952,0,6.09E-9,1.436863441426265E8,2.1788166373865232E8,0
-0.018195542379045367,1.2225716616077749,0,6.100000000000001E-9,1.438466196205591E8,2.179473294774536E8,0
-0.01675616171973659,1.224751510050637,0,6.110000000000001E-9,1.440066506636238E8,2.1801298039281896E8,0
-0.015315182145171512,1.226932014916644,0,6.12E-9,1.4416643755117735E8,2.1807861625666925E8,0
-0.013872606095305424,1.2291131760539842,0,6.13E-9,1.4432598056318817E8,2.1814423684202763E8,0
-0.012428436007290362,1.2312949933085813,0,6.140000000000001E-9,1.4448527998022982E8,2.1820984192301735E8,0
-0.010982674315469567,1.2334774665241077,0,6.1500000000000005E-9,1.446443360834732E8,2.182754312748593E8,0
-0.009535323451370826,1.2356605955419933,0,6.16E-9,1.4480314915468064E8,2.1834100467387062E8,0
-0.008086385843701098,1.2378443802014378,0,6.17E-9,1.44961719476198E8,2.184065618974603E8,0
-0.0066358639183405795,1.2400288203394214,0,6.18E-9,1.4512004733094832E8,2.1847210272412938E8,0
-0.00518376009833674,1.2422139157907166,0,6.190000000000001E-9,1.4527813300242484E8,2.1853762693346596E8,0
-0.00373007680389962,1.2443996663878953,0,6.200000000000001E-9,1.4543597677468345E8,2.1860313430614546E8,0
-0.0022748164523947985,1.246586071961344,0,6.210000000000001E-9,1.4559357893233737E8,2.1866862462392557E8,0
-8.179814583388226E-4,1.248773132339273,0,6.2200000000000004E-9,1.457509397605488E8,2.1873409766964602E8,0
6.404257666066056E-4,1.2509608473477272,0,6.230000000000001E-9,1.459080595450234E8,2.187995532272249E8,0
0.002100402813640462,1.2531492168105962,0,6.240000000000001E-9,1.460649385721636E8,2.1886499108172E8,0
0.0035619472768279345,1.2553382405496274,0,6.2500000000000005E-9,1.462215771286912E8,2.189304110191799E8,0
0.005025056753103544,1.2575279183844337,0,6.26E-9,1.4637797550171933E8,2.189958128266725E8,0
0.0064897288422776185,1.2597182501325048,0,6.270000000000001E-9,1.4653413397915873E8,2.1906119629244602E8,0
0.007955961147041255,1.2619092356092194,0,6.280000000000001E-9,1.4669005284927353E8,2.1912656120575297E8,0
0.009423751272971917,1.2641008746278557,0,6.29E-9,1.468457324009176E8,2.1919190735694432E8,0
0.010893096828538062,1.266293166999599,0,6.3E-9,1.4700117292339316E8,2.192572345374136E8,0
0.012363995425104229,1.2684861125335571,0,6.310000000000001E-9,1.4715637470651928E8,2.193225425396231E8,0
0.013836444676935466,1.2706797110367674,0,6.3200000000000005E-9,1.4731133804058367E8,2.1938783115708712E8,0
0.01531044220120284,1.2728739623142085,0,6.33E-9,1.4746606321635932E8,2.194531001843755E8,0
0.016785985617987685,1.2750688661688103,0,6.34E-9,1.4762055052508545E8,2.195183494171087E8,0
0.018263072550286516,1.2772644224014662,0,6.350000000000001E-9,1.47774800258468E8,2.1958357865195665E8,0
0.019741700624015163,1.2794606308110406,0,6.36E-9,1.4792881270866984E8,2.196487876866352E8,0
0.021221867468014036,1.2816574911943825,0,6.37E-9,1.4808258816830555E8,2.197139763199038E8,0
0.022703570714052084,1.2838550033463338,0,6.38E-9,1.4823612693043575E8,2.1977914435156336E8,0
0.024186807996831636,1.2860531670597402,0,6.390000000000001E-9,1.4838942928855935E8,2.1984429158245328E8,0
0.02567157695399175,1.2882519821254619,0,6.400000000000001E-9,1.4854249553660867E8,2.1990941781444874E8,0
0.027157875226113997,1.2904514483323832,0,6.410000000000001E-9,1.48695325968943E8,2.1997452285045892E8,0
0.028645700456725667,1.2926515654674247,0,6.4200000000000006E-9,1.488479208803413E8,2.2003960649442282E8,0
0.030135050292304223,1.2948523333155513,0,6.43E-9,1.4900028056599814E8,2.201046685513086E8,0
0.031625922382281534,1.2970537516597829,0,6.440000000000001E-9,1.4915240532151538E8,2.2016970882710952E8,0
0.033118314379047394,1.2992558202812066,0,6.450000000000001E-9,1.4930429544289806E8,2.2023472712884182E8,0
0.03461222393795433,1.3014585389589848,0,6.4600000000000004E-9,1.4945595122654665E8,2.202997232645424E8,0
0.03610764871732093,1.3036619074703655,0,6.47E-9,1.496073729692529E8,2.2036469704326546E8,0
0.037604586378436056,1.3058659255906941,0,6.480000000000001E-9,1.4975856096819168E8,2.204296482750805E8,0
0.039103034585562094,1.3080705930934218,0,6.4900000000000005E-9,1.4990951552091727E8,2.204945767710693E8,0
0.040602991005939434,1.3102759097501164,0,6.5E-9,1.5006023692535558E8,2.2055948234332386E8,0
0.04210445330978976,1.312481875330473,0,6.51E-9,1.5021072547979975E8,2.206243648049423E8,0
0.04360741917031987,1.3146884896023225,0,6.520000000000001E-9,1.5036098148290315E8,2.206892239700285E8,0
0.04511188626372467,1.3168957523316431,0,6.53E-9,1.5051100523367402E8,2.2075405965368682E8,0
0.046617852269191636,1.3191036632825706,0,6.54E-9,1.506607970314705E8,2.208188716720218E8,0
0.04812531486890357,1.3213122222174054,0,6.55E-9,1.5081035717599288E8,2.2088365984213346E8,0
0.04963427174804237,1.3235214288966262,0,6.5600000000000005E-9,1.5095968596728E8,2.2094842398211622E8,0
0.051144720594791956,1.3257312830788983,0,6.570000000000001E-9,1.5110878370570225E8,2.2101316391105524E8,0
0.05265665910034181,1.3279417845210832,0,6.580000000000001E-9,1.512576506919563E8,2.210778794490239E8,0
0.054170084958890495,1.330152932978248,0,6.590000000000001E-9,1.514062872270598E8,2.211425704170817E8,0
0.05568499586764854,1.332364728203677,0,6.600000000000001E-9,1.5155469361234477E8,2.2120723663727015E8,0
0.05720138952684113,1.3345771699488793,0,6.610000000000001E-9,1.5170287014945355E8,2.212718779326119E8,0
0.05871926363971207,1.3367902579636026,0,6.620000000000001E-9,1.5185081714033127E8,2.2133649412710634E8,0
0.06023861591252615,1.339003991995837,0,6.6300000000000005E-9,1.5199853488722292E8,2.2140108504572845E8,0
0.06175944405457243,1.3412183717918293,0,6.640000000000001E-9,1.521460236926647E8,2.214656505144238E8,0
0.06328174577816653,1.3434333970960917,0,6.650000000000001E-9,1.5229328385948184E8,2.2153019036010894E8,0
0.06480551879865445,1.3456490676514101,0,6.6600000000000006E-9,1.5244031569078052E8,2.2159470441066584E8,0
0.06633076083441458,1.3478653831988554,0,6.67E-9,1.5258711948994398E8,2.2165919249494058E8,0
0.06785746960686076,1.3500823434777918,0,6.68E-9,1.5273369556062683E8,2.2172365444274044E8,0
0.06938564284044496,1.352299948225888,0,6.690000000000001E-9,1.528800442067494E8,2.217880900848307E8,0
0.07091527826265953,1.3545181971791256,0,6.7000000000000004E-9,1.5302616573249254E8,2.2185249925293237E8,0
0.07244637360404041,1.356737090071808,0,6.71E-9,1.5317206044229302E8,2.2191688177971965E8,0
0.07397892659816926,1.3589566266365716,0,6.72E-9,1.5331772864083683E8,2.2198123749881566E8,0
0.07551293498167613,1.3611768066043934,0,6.7300000000000005E-9,1.534631706330558E8,2.2204556624479213E8,0
0.07704839649424128,1.3633976297046038,0,6.74E-9,1.5360838672412038E8,2.221098678531642E8,0
0.0785853088785985,1.3656190956648901,0,6.75E-9,1.5375337721943697E8,2.2217414216038963E8,0
0.08012366988053686,1.3678412042113137,0,6.76E-9,1.538981424246397E8,2.2223838900386432E8,0
0.0816634772489032,1.370063955068313,0,6.770000000000001E-9,1.5404268264558843E8,2.2230260822192103E8,0
0.08320472873560346,1.3722873479587143,0,6.780000000000001E-9,1.5418699818836144E8,2.2236679965382546E8,0
0.08474742209560639,1.3745113826037434,0,6.790000000000001E-9,1.5433108935925126E8,2.2243096313977405E8,0
0.08629155508694462,1.3767360587230326,0,6.8000000000000005E-9,1.5447495646476004E8,2.2249509852089107E8,0
0.08783712547071705,1.378961376034632,0,6.810000000000001E-9,1.5461859981159356E8,2.2255920563922617E8,0
0.08938413101109044,1.3811873342550158,0,6.820000000000001E-9,1.547620197066571E8,2.2262328433775064E8,0
0.09093256947530204,1.3834139330990936,0,6.830000000000001E-9,1.5490521645705023E8,2.2268733446035567E8,0
0.09248243863366112,1.38564117228022,0,6.84E-9,1.5504819037006208E8,2.2275135585184893E8,0
0.094033736259551,1.3878690515102021,0,6.850000000000001E-9,1.551909417531656E8,2.2281534835795197E8,0
0.09558646012943031,1.390097570499309,0,6.860000000000001E-9,1.5533347091401452E8,2.228793118252974E8,0
0.09714060802283567,1.3923267289562826,0,6.8700000000000005E-9,1.5547577816043633E8,2.2294324610142633E8,0
0.09869617772238279,1.3945565265883442,0,6.88E-9,1.556178638004293E8,2.2300715103478485E8,0
0.10025316701376846,1.396786963101206,0,6.890000000000001E-9,1.5575972814215657E8,2.2307102647472215E8,0
0.10181157368577161,1.3990180381990776,0,6.9000000000000006E-9,1.5590137149394235E8,2.2313487227148712E8,0
0.10337139553025568,1.4012497515846767,0,6.91E-9,1.5604279416426614E8,2.231986882762258E8,0
0.10493263034216965,1.4034821029592375,0,6.92E-9,1.561839964617592E8,2.2326247434097818E8,0
0.10649527591954973,1.4057150920225197,0,6.93E-9,1.5632497869519892E8,2.2332623031867617E8,0
0.10805933006352067,1.4079487184728179,0,6.9400000000000004E-9,1.564657411735049E8,2.2338995606313944E8,0
0.1096247905782971,1.410182982006969,0,6.950000000000001E-9,1.5660628420573395E8,2.2345365142907473E8,0
0.11119165527118494,1.4124178823203621,0,6.960000000000001E-9,1.5674660810107556E8,2.2351731627207038E8,0
0.11275992195258291,1.4146534191069486,0,6.9700000000000005E-9,1.5688671316884777E8,2.235809504485961E8,0
0.1143295884359837,1.4168895920592484,0,6.980000000000001E-9,1.570265997184919E8,2.2364455381599835E8,0
0.11590065253797474,1.4191264008683597,0,6.990000000000001E-9,1.571662680595689E8,2.2370812623249793E8,0
0.11747311207824002,1.4213638452239685,0,7.000000000000001E-9,1.5730571850175437E8,2.2377166755718833E8,0
0.11904696487956086,1.4236019248143563,0,7.01E-9,1.5744495135483417E8,2.2383517765003058E8,0
0.12062220876781704,1.4258406393264096,0,7.020000000000001E-9,1.5758396692870036E8,2.238986563718532E8,0
0.12219884157198771,1.428079988445628,0,7.030000000000001E-9,1.577227655333465E8,2.2396210358434716E8,0
0.12377686112415265,1.4303199718561324,0,7.0400000000000005E-9,1.5786134747886288E8,2.2402551915006393E8,0
0.12535626525949306,1.432560589240675,0,7.05E-9,1.579997130754338E8,2.2408890293241304E8,0
0.1269370518162926,1.4348018402806457,0,7.060000000000001E-9,1.5813786263333103E8,2.2415225479565853E8,0
0.12851921863593785,1.4370437246560837,0,7.070000000000001E-9,1.582757964629115E8,2.2421557460491645E8,0
0.1301027635629195,1.4392862420456822,0,7.08E-9,1.58413514874612E8,2.2427886222615248E8,0
0.13168768444483325,1.4415293921268013,0,7.09E-9,1.5855101817894498E8,2.24342117526178E8,0
0.1332739791323802,1.4437731745754716,0,7.100000000000001E-9,1.5868830668649507E8,2.244053403726486E8,0
0.13486164547936752,1.446017589066406,0,7.1100000000000005E-9,1.5882538070791408E8,2.2446853063406026E8,0
0.13645068134270955,1.4482626352730075,0,7.12E-9,1.589622405539173E8,2.2453168817974693E8,0
0.13804108458242784,1.4505083128673772,0,7.13E-9,1.5909888653527978E8,2.245948128798779E8,0
0.13963285306165255,1.4527546215203222,0,7.140000000000001E-9,1.59235318962831E8,2.2465790460545444E8,0
0.1412259846466215,1.455001560901364,0,7.150000000000001E-9,1.593715381474523E8,2.2472096322830772E8,0
0.14282047720668234,1.457249130678748,0,7.160000000000001E-9,1.5950754440007174E8,2.247839886210953E8,0
0.1444163286142921,1.4594973305194516,0,7.170000000000001E-9,1.596433380316608E8,2.2484698065729874E8,0
0.1460135367450176,1.46174616008919,0,7.1800000000000004E-9,1.5977891935323003E8,2.2490993921122065E8,0
0.14761209947753626,1.4639956190524261,0,7.190000000000001E-9,1.599142886758252E8,2.249728641579819E8,0
0.14921201469363557,1.4662457070723802,0,7.200000000000001E-9,1.6004944631052318E8,2.2503575537351856E8,0
0.15081328027821453,1.4684964238110354,0,7.2100000000000005E-9,1.601843925684283E8,2.250986127345803E8,0
0.15241589411928294,1.4707477689291477,0,7.22E-9,1.6031912776066864E8,2.251614361187252E8,0
0.15401985410796237,1.4729997420862526,0,7.230000000000001E-9,1.6045365219839168E8,2.2522422540431964E8,0
0.15562515813848546,1.4752523429406736,0,7.240000000000001E-9,1.6058796619276094E8,2.25286980470533E8,0
0.15723180410819693,1.4775055711495315,0,7.25E-9,1.6072207005495128E8,2.2534970119733763E8,0
0.15883978991755318,1.4797594263687515,0,7.26E-9,1.6085596409614703E8,2.254123874655033E8,0
0.16044911347012275,1.48201390825307,0,7.270000000000001E-9,1.6098964862753576E8,2.2547503915659598E8,0
0.1620597726725853,1.4842690164560435,0,7.2800000000000005E-9,1.6112312396030653E8,2.255376561529749E8,0
0.16367176543473308,1.4865247506300574,0,7.29E-9,1.612563904056453E8,2.2560023833778903E8,0
0.16528508966947,1.4887811104263329,0,7.3E-9,1.6138944827473137E8,2.2566278559497574E8,0
0.16689974329281163,1.4910380954949356,0,7.310000000000001E-9,1.615222978787337E8,2.2572529780925578E8,0
0.16851572422388503,1.493295705484782,0,7.32E-9,1.6165493952880776E8,2.25787774866133E8,0
0.17013303038492897,1.4955539400436475,0,7.33E-9,1.617873735360909E8,2.258502166518895E8,0
0.1717516597012934,1.4978127988181762,0,7.340000000000001E-9,1.6191960021169975E8,2.2591262305358422E8,0
0.17337161010143926,1.5000722814538863,0,7.350000000000001E-9,1.6205161986672643E8,2.2597499395904946E8,0
0.17499287951693798,1.502332387595178,0,7.360000000000001E-9,1.621834328122346E8,2.260373292568879E8,0
0.1766154658824718,1.5045931168853441,0,7.370000000000001E-9,1.623150393592563E8,2.260996288364712E8,0
0.17823936713583308,1.5068544689665744,0,7.3800000000000006E-9,1.6244643981878865E8,2.2616189258793497E8,0
0.1798645812179239,1.5091164434799642,0,7.390000000000001E-9,1.6257763450178996E8,2.2622412040217847E8,0
0.18149110607275537,1.5113790400655212,0,7.400000000000001E-9,1.6270862371917632E8,2.2628631217085946E8,0
0.1831189396474478,1.5136422583621756,0,7.410000000000001E-9,1.6283940778181902E8,2.2634846778639367E8,0
0.18474807989223002,1.5159060980077856,0,7.4200000000000004E-9,1.6296998700053948E8,2.2641058714195016E8,0
0.1863785247604386,1.5181705586391447,0,7.43E-9,1.6310036168610775E8,2.2647267013144976E8,0
0.18801027220851757,1.5204356398919914,0,7.440000000000001E-9,1.6323053214923832E8,2.2653471664956233E8,0
0.18964332019601754,1.5227013414010129,0,7.4500000000000005E-9,1.633604987005859E8,2.2659672659170228E8,0
0.1912776666855957,1.5249676627998572,0,7.46E-9,1.6349026165074414E8,2.2665869985402876E8,0
0.19291330964301445,1.5272346037211366,0,7.47E-9,1.6361982131024066E8,2.267206363334405E8,0
0.19455024703714163,1.5295021637964377,0,7.480000000000001E-9,1.6374917798953432E8,2.2678253592757326E8,0
0.19618847683994822,1.5317703426563256,0,7.490000000000001E-9,1.6387833199901247E8,2.2684439853479922E8,0
0.19782799702650955,1.5340391399303561,0,7.500000000000001E-9,1.640072836489869E8,2.2690622405422118E8,0
0.1994688055750034,1.5363085552470779,0,7.51E-9,1.6413603324969146E8,2.2696801238567212E8,0
0.20111090046670926,1.538578588234043,0,7.52E-9,1.6426458111127833E8,2.2702976342971182E8,0
0.2027542796860079,1.5408492385178134,0,7.53E-9,1.6439292754381514E8,2.2709147708762345E8,0
0.20439894122038008,1.5431205057239679,0,7.54E-9,1.6452107285728183E8,2.2715315326141194E8,0
0.20604488306040586,1.54539238947711,0,7.55E-9,1.6464901736156756E8,2.2721479185380042E8,0
0.207692103199764,1.5476648894008733,0,7.560000000000001E-9,1.6477676136646765E8,2.2727639276822805E8,0
0.20934059963522983,1.5499380051179306,0,7.570000000000001E-9,1.649043051816805E8,2.2733795590884662E8,0
0.21099037036667584,1.5522117362499999,0,7.58E-9,1.6503164911680448E8,2.2739948118051884E8,0
0.2126414133970697,1.554486082417852,0,7.59E-9,1.6515879348133516E8,2.2746096848881462E8,0
0.2142937267324735,1.5567610432413181,0,7.6E-9,1.6528573858466196E8,2.2752241774000943E8,0
0.21594730838204237,1.5590366183392959,0,7.61E-9,1.6541248473606575E8,2.2758382884107998E8,0
0.2176021563580241,1.561312807329756,0,7.620000000000001E-9,1.6553903224471536E8,2.2764520169970384E8,0
0.21925826867575665,1.5635896098297497,0,7.630000000000001E-9,1.6566538141966522E8,2.277065362242541E8,0
0.22091564335366864,1.5658670254554181,0,7.640000000000001E-9,1.6579153256985167E8,2.2776783232379895E8,0
0.222574278413277,1.5681450538219948,0,7.65E-9,1.659174860040908E8,2.278290899080979E8,0
0.22423417187918637,1.5704236945438157,0,7.66E-9,1.6604324203107557E8,2.278903088875991E8,0
0.2258953217790873,1.5727029472343248,0,7.67E-9,1.6616880095937228E8,2.2795148917343688E8,0
0.22755772614375555,1.5749828115060813,0,7.68E-9,1.6629416309741893E8,2.280126306774292E8,0
0.2292213830070505,1.5772632869707681,0,7.690000000000001E-9,1.6641932875352105E8,2.2807373331207442E8,0
0.23088629040591319,1.5795443732391936,0,7.700000000000001E-9,1.6654429823585021E8,2.281347969905498E8,0
0.23255244638036643,1.5818260699213054,0,7.710000000000001E-9,1.6666907185244015E8,2.281958216267072E8,0
0.2342198489735122,1.5841083766261914,0,7.72E-9,1.6679364991118532E8,2.282568071350719E8,0
0.23588849623153058,1.5863912929620891,0,7.73E-9,1.669180327198369E8,2.2831775343083915E8,0
0.23755838620367836,1.5886748185363917,0,7.74E-9,1.6704222058600098E8,2.2837866042987168E8,0
0.2392295169422876,1.590958952955655,0,7.75E-9,1.671662138171355E8,2.284395280486974E8,0
0.24090188650276412,1.593243695825604,0,7.76E-9,1.6729001272054774E8,2.2850035620450568E8,0
0.24257549294358605,1.595529046751139,0,7.770000000000001E-9,1.674136176033918E8,2.2856114481514683E8,0
0.24425033432630147,1.5978150053363414,0,7.780000000000001E-9,1.6753702877266562E8,2.2862189379912683E8,0
0.2459264087155283,1.6001015711844837,0,7.79E-9,1.6766024653520873E8,2.2868260307560682E8,0
0.24760371417895174,1.6023887438980324,0,7.8E-9,1.6778327119769993E8,2.287432725643995E8,0
0.249282248787323,1.6046765230786573,0,7.810000000000002E-9,1.67906103066654E8,2.2880390218596664E8,0
0.2509620106144567,1.6069649083272335,0,7.820000000000002E-9,1.6802874244842005E8,2.288644918614168E8,0
0.25264299773723087,1.6092538992438534,0,7.830000000000001E-9,1.68151189649178E8,2.2892504151250172E8,0
0.254325208235584,1.61154349542783,0,7.840000000000001E-9,1.6827344497493735E8,2.2898555106161562E8,0
0.2560086401925138,1.613833696477704,0,7.85E-9,1.6839550873153353E8,2.2904602043179014E8,0
0.2576932916940753,1.6161245019912496,0,7.86E-9,1.6851738122462645E8,2.2910644954669446E8,0
0.25937916082937906,1.618415911565482,0,7.87E-9,1.6863906275969705E8,2.2916683833063015E8,0
0.26106624569058934,1.6207079247966618,0,7.88E-9,1.6876055364204603E8,2.292271867085304E8,0
0.2627545443729229,1.6230005412803044,0,7.890000000000001E-9,1.6888185417679042E8,2.2928749460595652E8,0
0.2644440549746454,1.625293760611182,0,7.900000000000001E-9,1.6900296466886204E8,2.2934776194909564E8,0
0.266134775597072,1.627587582383334,0,7.910000000000001E-9,1.6912388542300478E8,2.2940798866475865E8,0
0.26782670434456357,1.6298820061900705,0,7.92E-9,1.6924461674377185E8,2.294681746803761E8,0
0.2695198393245256,1.6321770316239803,0,7.93E-9,1.6936515893552467E8,2.2952831992399818E8,0
0.27121417864740605,1.6344726582769358,0,7.94E-9,1.694855123024289E8,2.2958842432428902E8,0
0.2729097204266933,1.6367688857401,0,7.95E-9,1.6960567714845416E8,2.2964848781052724E8,0
0.2746064627789144,1.639065713603931,0,7.96E-9,1.697256537773699E8,2.2970851031260112E8,0
0.276304403823633,1.6413631414581904,0,7.97E-9,1.6984544249274433E8,2.2976849176100734E8,0
0.27800354168344754,1.6436611688919482,0,7.980000000000001E-9,1.699650435979419E8,2.2982843208684763E8,0
0.2797038744839878,1.645959795493588,0,7.99E-9,1.7008445739612082E8,2.2988833122182715E8,0
0.28140540035391526,1.6482590208508139,0,8.0E-9,1.702036841902315E8,2.299481890982513E8,0
0.28310811742491915,1.6505588445506576,0,8.01E-9,1.703227242830137E8,2.3000800564902303E8,0
0.2848120238317148,1.6528592661794823,0,8.02E-9,1.7044157797699496E8,2.3006778080764115E8,0
0.2865171177120418,1.6551602853229899,0,8.03E-9,1.7056024557448807E8,2.3012751450819722E8,0
0.2882233972066617,1.6574619015662275,0,8.040000000000001E-9,1.7067872737758902E8,2.3018720668537316E8,0
0.2899308604593551,1.6597641144935902,0,8.050000000000001E-9,1.707970236881754E8,2.3024685727443868E8,0
0.29163950561692104,1.6620669236888306,0,8.06E-9,1.709151348079036E8,2.303064662112492E8,0
0.29334933082917314,1.6643703287350629,0,8.07E-9,1.7103306103820735E8,2.3036603343224263E8,0
0.2950603342489385,1.6666743292147692,0,8.08E-9,1.711508026802951E8,2.30425558874438E8,0
0.29677251403205485,1.6689789247098044,0,8.09E-9,1.7126836003514892E8,2.304850424754318E8,0
0.29848586833736823,1.6712841148014044,0,8.1E-9,1.7138573340352127E8,2.305444841733961E8,0
0.3002003953267314,1.6735898990701874,0,8.11E-9,1.7150292308593413E8,2.3060388390707636E8,0
0.30191609316500084,1.675896277096165,0,8.120000000000001E-9,1.716199293826765E8,2.3066324161578846E8,0
0.303632960020034,1.6782032484587428,0,8.13E-9,1.7173675259380224E8,2.307225572394162E8,0
0.3053509940626881,1.6805108127367312,0,8.14E-9,1.718533930191291E8,2.3078183071840963E8,0
0.3070701934668172,1.6828189695083462,0,8.15E-9,1.7196985095823544E8,2.3084106199378204E8,0
0.30879055640926933,1.6851277183512177,0,8.16E-9,1.720861267104594E8,2.309002510071069E8,0
0.31051208106988504,1.6874370588423937,0,8.17E-9,1.722022205748966E8,2.309593977005169E8,0
0.312234765631494,1.6897469905583482,0,8.18E-9,1.7231813285039818E8,2.3101850201670057E8,0
0.3139586082799132,1.6920575130749849,0,8.19E-9,1.724338638355695E8,2.3107756389889985E8,0
0.31568360720394406,1.694368625967642,0,8.199999999999999E-9,1.7254941382876733E8,2.3113658329090798E8,0
0.3174097605953712,1.696680328811101,0,8.210000000000002E-9,1.726647831280994E8,2.311955601370672E8,0
0.3191370666489568,1.6989926211795865,0,8.220000000000002E-9,1.7277997203142098E8,2.312544943822661E8,0
0.32086552356244197,1.7013055026467785,0,8.230000000000002E-9,1.7289498083633453E8,2.3131338597193673E8,0
0.3225951295365417,1.7036189727858129,0,8.240000000000001E-9,1.7300980984018728E8,2.31372234852054E8,0
0.3243258827749428,1.705933031169288,0,8.250000000000001E-9,1.7312445934006926E8,2.3143104096913058E8,0
0.32605778148430187,1.708247677369271,0,8.260000000000001E-9,1.732389296328123E8,2.3148980427021736E8,0
0.3277908238742423,1.7105629109573026,0,8.27E-9,1.7335322101498756E8,2.3154852470289886E8,0
0.32952500815735175,1.7128787315044018,0,8.28E-9,1.7346733378290415E8,2.3160720221529245E8,0
0.33126033254917925,1.7151951385810738,0,8.290000000000002E-9,1.7358126823260772E8,2.3166583675604457E8,0
0.3329967952682324,1.71751213175731,0,8.300000000000002E-9,1.7369502465987813E8,2.3172442827432993E8,0
0.334734394535976,1.7198297106025988,0,8.310000000000001E-9,1.738086033602287E8,2.317829767198479E8,0
0.33647312857682776,1.7221478746859284,0,8.320000000000001E-9,1.7392200462890333E8,2.3184148204282066E8,0
0.33821299561815654,1.7244666235757917,0,8.33E-9,1.7403522876087633E8,2.3189994419399077E8,0
0.3399539938902794,1.7267859568401922,0,8.34E-9,1.7414827605084985E8,2.3195836312461945E8,0
0.3416961216264586,1.7291058740466487,0,8.35E-9,1.7426114679325208E8,2.3201673878648317E8,0
0.3434393770628996,1.7314263747622014,0,8.36E-9,1.7437384128223687E8,2.3207507113187215E8,0
0.3451837584387476,1.7337474585534154,0,8.370000000000001E-9,1.7448635981168088E8,2.321333601135877E8,0
0.3469292639960843,1.736069124986387,0,8.380000000000001E-9,1.745987026751828E8,2.3219160568494034E8,0
0.3486758919799268,1.7383913736267493,0,8.390000000000001E-9,1.7471087016606155E8,2.322498077997468E8,0
0.35042364063822334,1.7407142040396757,0,8.4E-9,1.7482286257735494E8,2.3230796641232872E8,0
0.35217250822185076,1.743037615789885,0,8.41E-9,1.749346802018176E8,2.323660814775087E8,0
0.3539224929846123,1.7453616084416488,0,8.42E-9,1.7504632333192062E8,2.3242415295061058E8,0
0.35567359318323394,1.7476861815587936,0,8.43E-9,1.7515779225984886E8,2.3248218078745466E8,0
0.35742580707736177,1.7500113347047075,0,8.44E-9,1.7526908727750006E8,2.3254016494435662E8,0
0.3591791329295595,1.7523370674423437,0,8.45E-9,1.753802086764835E8,2.325981053781255E8,0
0.36093356900530527,1.7546633793342277,0,8.460000000000001E-9,1.7549115674811867E8,2.3265600204606083E8,0
0.36268911357298805,1.7569902699424587,0,8.47E-9,1.7560193178343326E8,2.327138549059507E8,0
0.36444576490390646,1.7593177388287187,0,8.48E-9,1.757125340731621E8,2.327716639160694E8,0
0.3662035212722642,1.761645785554274,0,8.49E-9,1.7582296390774596E8,2.3282942903517538E8,0
0.36796238095516776,1.7639744096799814,0,8.5E-9,1.759332215773302E8,2.3288715022250867E8,0
0.36972234223262335,1.766303610766294,0,8.51E-9,1.7604330737176275E8,2.3294482743778914E8,0
0.3714834033875343,1.7686333883732623,0,8.52E-9,1.7615322158059373E8,2.3300246064121392E8,0
0.37324556270569703,1.7709637420605437,0,8.53E-9,1.7626296449307308E8,2.3306004979345548E8,0
0.37500881847579975,1.7732946713874054,0,8.54E-9,1.7637253639815068E8,2.331175948556587E8,0
0.3767731689894173,1.775626175912726,0,8.55E-9,1.764819375844731E8,2.3317509578943998E8,0
0.37853861254101007,1.7779582551950062,0,8.56E-9,1.7659116834038413E8,2.3323255255688378E8,0
0.38030514742792,1.7802909087923677,0,8.570000000000002E-9,1.7670022895392272E8,2.3328996512054145E8,0
0.38207277195036715,1.782624136262561,0,8.580000000000001E-9,1.768091197128214E8,2.3334733344342786E8,0
0.38384148441144783,1.7849579371629698,0,8.590000000000001E-9,1.7691784090450534E8,2.334046574890208E8,0
0.38561128311713044,1.7872923110506154,0,8.600000000000001E-9,1.7702639281609184E8,2.3346193722125727E8,0
0.387382166376253,1.7896272574821603,0,8.61E-9,1.7713477573438781E8,2.3351917260453227E8,0
0.38915413250052,1.7919627760139154,0,8.620000000000002E-9,1.7724298994588923E8,2.3357636360369667E8,0
0.3909271798044981,1.7942988662018395,0,8.630000000000002E-9,1.7735103573678023E8,2.3363351018405414E8,0
0.3927013066056152,1.7966355276015504,0,8.640000000000002E-9,1.7745891339293143E8,2.3369061231136075E8,0
0.3944765112241556,1.7989727597683236,0,8.650000000000001E-9,1.775666231998988E8,2.337476699518204E8,0
0.39625279198325747,1.8013105622571006,0,8.660000000000001E-9,1.7767416544292265E8,2.338046830720853E8,0
0.39803014720890956,1.8036489346224902,0,8.670000000000001E-9,1.7778154040692705E8,2.3386165163925192E8,0
0.39980857522994784,1.8059878764187778,0,8.68E-9,1.778887483765169E8,2.3391857562085947E8,0
0.4015880743780528,1.8083273871999228,0,8.69E-9,1.7799578963597953E8,2.3397545498488882E8,0
0.4033686429877459,1.810667466519571,0,8.700000000000002E-9,1.781026644692808E8,2.3403228969975802E8,0
0.405150279396386,1.8130081139310519,0,8.710000000000002E-9,1.7820937316006652E8,2.3408907973432326E8,0
0.4069329819441671,1.815349328987387,0,8.720000000000001E-9,1.7831591599165866E8,2.3414582505787393E8,0
0.4087167489741144,1.8176911112412928,0,8.730000000000001E-9,1.784222932470575E8,2.3420252564013255E8,0
0.41050157883208144,1.820033460245186,0,8.740000000000001E-9,1.7852850520893717E8,2.342591814512514E8,0
0.4122874698667461,1.8223763755511868,0,8.75E-9,1.786345521596479E8,2.3431579246181175E8,0
0.41407442042960857,1.8247198567111242,0,8.76E-9,1.7874043438121212E8,2.3437235864281997E8,0
0.41586242887498703,1.82706390327654,0,8.77E-9,1.7884615215532544E8,2.3442887996570814E8,0
0.4176514935600147,1.8294085147986916,0,8.78E-9,1.789517057633545E8,2.3448535640232864E8,0
0.419441612844637,1.8317536908285588,0,8.790000000000001E-9,1.7905709548633662E8,2.3454178792495525E8,0
0.42123278509160683,1.834099430916844,0,8.800000000000001E-9,1.7916232160497856E8,2.3459817450627914E8,0
0.4230250086664833,1.8364457346139813,0,8.81E-9,1.792673843996556E8,2.346545161194078E8,0
0.424818281937627,1.8387926014701377,0,8.82E-9,1.793722841504101E8,2.3471081273786196E8,0
0.4266126032761969,1.841140031035217,0,8.83E-9,1.7947702113695207E8,2.3476706433557555E8,0
0.4284079710561475,1.8434880228588657,0,8.84E-9,1.7958159563865578E8,2.3482327088689104E8,0
0.43020438365422486,1.8458365764904752,0,8.85E-9,1.796860079345616E8,2.3487943236656016E8,0
0.4320018394499637,1.8481856914791872,0,8.86E-9,1.7979025830337238E8,2.3493554874973947E8,0
0.43380033682568375,1.8505353673738978,0,8.870000000000001E-9,1.7989434702345523E8,2.3499162001199028E8,0
0.4355998741664861,1.8528856037232595,0,8.88E-9,1.7999827437283805E8,2.3504764612927553E8,0
0.4374004498602509,1.8552364000756876,0,8.89E-9,1.8010204062921068E8,2.351036270779578E8,0
0.4392020622976325,1.8575877559793634,0,8.9E-9,1.8020564606992295E8,2.3515956283479878E8,0
0.4410047098720577,1.8599396709822378,0,8.91E-9,1.8030909097198445E8,2.352154533769548E8,0
0.4428083909797208,1.8622921446320355,0,8.92E-9,1.8041237561206254E8,2.3527129868197745E8,0
0.444613104019581,1.8646451764762597,0,8.93E-9,1.8051550026648334E8,2.3532709872780988E8,0
0.4464188473933586,1.8669987660621945,0,8.94E-9,1.8061846521122906E8,2.3538285349278596E8,0
0.4482256195055325,1.8693529129369102,0,8.950000000000002E-9,1.8072127072193837E8,2.3543856295562702E8,0
0.45003341876333447,1.8717076166472653,0,8.960000000000002E-9,1.8082391707390517E8,2.354942270954415E8,0
0.45184224357674874,1.8740628767399128,0,8.970000000000002E-9,1.809264045420782E8,2.3554984589172193E8,0
0.45365209235850656,1.876418692761302,0,8.980000000000002E-9,1.810287334010592E8,2.3560541932434326E8,0
0.4554629635240831,1.8787750642576835,0,8.990000000000001E-9,1.811309039251036E8,2.3566094737356102E8,0
0.4572748554916941,1.8811319907751125,0,9.000000000000001E-9,1.8123291638811886E8,2.3571643002000996E8,0
0.4590877666822926,1.883489471859454,0,9.010000000000001E-9,1.8133477106366333E8,2.3577186724470052E8,0
0.4609016955195651,1.8858475070563825,0,9.02E-9,1.8143646822494704E8,2.3582725902901942E8,0
0.4627166404299282,1.8882060959113909,0,9.03E-9,1.8153800814482903E8,2.3588260535472497E8,0
0.46453259984252515,1.8905652379697908,0,9.040000000000002E-9,1.8163939109581825E8,2.3593790620394784E8,0
0.4663495721892219,1.892924932776717,0,9.050000000000002E-9,1.81740617350072E8,2.3599316155918658E8,0
0.46816755590460435,1.8952851798771322,0,9.060000000000001E-9,1.8184168717939562E8,2.3604837140330872E8,0
0.4699865494259745,1.8976459788158293,0,9.070000000000001E-9,1.819426008552413E8,2.36103535719546E8,0
0.4718065511933468,1.9000073291374358,0,9.080000000000001E-9,1.8204335864870805E8,2.3615865449149427E8,0
0.47362755964944436,1.902369230386417,0,9.09E-9,1.8214396083054024E8,2.3621372770311147E8,0
0.4754495732396958,1.90473168210708,0,9.1E-9,1.822444076711282E8,2.3626875533871493E8,0
0.477272590412232,1.9070946838435772,0,9.11E-9,1.8234469944050574E8,2.3632373738298056E8,0
0.47909660961788214,1.9094582351399094,0,9.120000000000002E-9,1.824448364083517E8,2.3637867382094052E8,0
0.48092162931016924,1.91182233553993,0,9.130000000000001E-9,1.8254481884398723E8,2.3643356463798103E8,0
0.48274764794530844,1.9141869845873487,0,9.140000000000001E-9,1.8264464701637667E8,2.3648840981984165E8,0
0.48457466398220217,1.9165521818257343,0,9.150000000000001E-9,1.8274432119412625E8,2.365432093526121E8,0
0.48640267588243685,1.9189179267985184,0,9.16E-9,1.828438416454834E8,2.365979632227314E8,0
0.48823168211027934,1.9212842190489978,0,9.17E-9,1.8294320863833702E8,2.366526714169861E8,0
0.49006168113267334,1.9236510581203417,0,9.18E-9,1.8304242244021535E8,2.367073339225078E8,0
0.49189267141923576,1.9260184435555912,0,9.19E-9,1.8314148331828713E8,2.3676195072677195E8,0
0.4937246514422535,1.9283863748976635,0,9.200000000000001E-9,1.8324039153935978E8,2.3681652181759587E8,0
0.4955576196766785,1.9307548516893567,0,9.210000000000001E-9,1.8333914736987948E8,2.3687104718313682E8,0
0.49739157460012606,1.9331238734733522,0,9.220000000000001E-9,1.8343775107593045E8,2.3692552681189066E8,0
0.49922651469286994,1.9354934397922186,0,9.23E-9,1.8353620292323416E8,2.3697996069268942E8,0
0.4999999029204461,1.9364919657921664,0,9.234213342262478E-9,1.8355694348968372E8,2.369914281211951E8,0
0.4999999029204559,1.9364919657921789,0,9.23421334226253E-9,1.8358464959634334E8,2.3700673894695127E8,0
1.0077558773393978,2.5920020421654466,0,1.2000000000000002E-8,1.835846495963401E8,2.370067389469565E8,0
